categoria,tabela,membro,nome,tipo_origem,largura,decimais,tipo_amostra,nulos_amostra,distintos_amostra
IBGE,t000_POPTRN23,POPTRN23.dbf,MUNIC_RES,C,7,0,String,0,167
IBGE,t000_POPTRN23,POPTRN23.dbf,ANO,C,4,0,String,0,1
IBGE,t000_POPTRN23,POPTRN23.dbf,POPULACAO,N,8,0,String,0,166
IBGE,t001_POPTRO23,POPTRO23.dbf,MUNIC_RES,C,7,0,String,0,52
IBGE,t001_POPTRO23,POPTRO23.dbf,ANO,C,4,0,String,0,1
IBGE,t001_POPTRO23,POPTRO23.dbf,POPULACAO,N,8,0,String,0,52
IBGE,t002_POPTRR23,POPTRR23.dbf,MUNIC_RES,C,7,0,String,0,15
IBGE,t002_POPTRR23,POPTRR23.dbf,ANO,C,4,0,String,0,1
IBGE,t002_POPTRR23,POPTRR23.dbf,POPULACAO,N,8,0,String,0,15
IBGE,t003_POPTRS23,POPTRS23.dbf,MUNIC_RES,C,7,0,String,0,200
IBGE,t003_POPTRS23,POPTRS23.dbf,ANO,C,4,0,String,0,1
IBGE,t003_POPTRS23,POPTRS23.dbf,POPULACAO,N,8,0,String,0,200
IBGE,t004_POPTSC23,POPTSC23.dbf,MUNIC_RES,C,7,0,String,0,200
IBGE,t004_POPTSC23,POPTSC23.dbf,ANO,C,4,0,String,0,1
IBGE,t004_POPTSC23,POPTSC23.dbf,POPULACAO,N,8,0,String,0,199
IBGE,t005_POPTSE23,POPTSE23.dbf,MUNIC_RES,C,7,0,String,0,75
IBGE,t005_POPTSE23,POPTSE23.dbf,ANO,C,4,0,String,0,1
IBGE,t005_POPTSE23,POPTSE23.dbf,POPULACAO,N,8,0,String,0,75
IBGE,t006_POPTSP23,POPTSP23.dbf,MUNIC_RES,C,7,0,String,0,200
IBGE,t006_POPTSP23,POPTSP23.dbf,ANO,C,4,0,String,0,1
IBGE,t006_POPTSP23,POPTSP23.dbf,POPULACAO,N,8,0,String,0,200
IBGE,t007_POPTTO23,POPTTO23.dbf,MUNIC_RES,C,7,0,String,0,139
IBGE,t007_POPTTO23,POPTTO23.dbf,ANO,C,4,0,String,0,1
IBGE,t007_POPTTO23,POPTTO23.dbf,POPULACAO,N,8,0,String,0,139
IBGE,t008_POPTAC23,POPTAC23.dbf,MUNIC_RES,C,7,0,String,0,22
IBGE,t008_POPTAC23,POPTAC23.dbf,ANO,C,4,0,String,0,1
IBGE,t008_POPTAC23,POPTAC23.dbf,POPULACAO,N,8,0,String,0,22
IBGE,t009_POPTAL23,POPTAL23.dbf,MUNIC_RES,C,7,0,String,0,102
IBGE,t009_POPTAL23,POPTAL23.dbf,ANO,C,4,0,String,0,1
IBGE,t009_POPTAL23,POPTAL23.dbf,POPULACAO,N,8,0,String,0,102
IBGE,t010_POPTAM23,POPTAM23.dbf,MUNIC_RES,C,7,0,String,0,62
IBGE,t010_POPTAM23,POPTAM23.dbf,ANO,C,4,0,String,0,1
IBGE,t010_POPTAM23,POPTAM23.dbf,POPULACAO,N,8,0,String,0,62
IBGE,t011_POPTAP23,POPTAP23.dbf,MUNIC_RES,C,7,0,String,0,16
IBGE,t011_POPTAP23,POPTAP23.dbf,ANO,C,4,0,String,0,1
IBGE,t011_POPTAP23,POPTAP23.dbf,POPULACAO,N,8,0,String,0,16
IBGE,t012_POPTBA23,POPTBA23.dbf,MUNIC_RES,C,7,0,String,0,200
IBGE,t012_POPTBA23,POPTBA23.dbf,ANO,C,4,0,String,0,1
IBGE,t012_POPTBA23,POPTBA23.dbf,POPULACAO,N,8,0,String,0,199
IBGE,t013_POPTBR23,POPTBR23.dbf,MUNIC_RES,C,7,0,String,0,200
IBGE,t013_POPTBR23,POPTBR23.dbf,ANO,C,4,0,String,0,1
IBGE,t013_POPTBR23,POPTBR23.dbf,POPULACAO,N,8,0,String,0,199
IBGE,t014_POPTCE23,POPTCE23.dbf,MUNIC_RES,C,7,0,String,0,184
IBGE,t014_POPTCE23,POPTCE23.dbf,ANO,C,4,0,String,0,1
IBGE,t014_POPTCE23,POPTCE23.dbf,POPULACAO,N,8,0,String,0,184
IBGE,t015_POPTDF23,POPTDF23.dbf,MUNIC_RES,C,7,0,String,0,1
IBGE,t015_POPTDF23,POPTDF23.dbf,ANO,C,4,0,String,0,1
IBGE,t015_POPTDF23,POPTDF23.dbf,POPULACAO,N,8,0,String,0,1
IBGE,t016_POPTES23,POPTES23.dbf,MUNIC_RES,C,7,0,String,0,78
IBGE,t016_POPTES23,POPTES23.dbf,ANO,C,4,0,String,0,1
IBGE,t016_POPTES23,POPTES23.dbf,POPULACAO,N,8,0,String,0,78
IBGE,t017_POPTGO23,POPTGO23.dbf,MUNIC_RES,C,7,0,String,0,200
IBGE,t017_POPTGO23,POPTGO23.dbf,ANO,C,4,0,String,0,1
IBGE,t017_POPTGO23,POPTGO23.dbf,POPULACAO,N,8,0,String,0,200
IBGE,t018_POPTMA23,POPTMA23.dbf,MUNIC_RES,C,7,0,String,0,200
IBGE,t018_POPTMA23,POPTMA23.dbf,ANO,C,4,0,String,0,1
IBGE,t018_POPTMA23,POPTMA23.dbf,POPULACAO,N,8,0,String,0,199
IBGE,t019_POPTMG23,POPTMG23.dbf,MUNIC_RES,C,7,0,String,0,200
IBGE,t019_POPTMG23,POPTMG23.dbf,ANO,C,4,0,String,0,1
IBGE,t019_POPTMG23,POPTMG23.dbf,POPULACAO,N,8,0,String,0,200
IBGE,t020_POPTMS23,POPTMS23.dbf,MUNIC_RES,C,7,0,String,0,79
IBGE,t020_POPTMS23,POPTMS23.dbf,ANO,C,4,0,String,0,1
IBGE,t020_POPTMS23,POPTMS23.dbf,POPULACAO,N,8,0,String,0,79
IBGE,t021_POPTMT23,POPTMT23.dbf,MUNIC_RES,C,7,0,String,0,141
IBGE,t021_POPTMT23,POPTMT23.dbf,ANO,C,4,0,String,0,1
IBGE,t021_POPTMT23,POPTMT23.dbf,POPULACAO,N,8,0,String,0,141
IBGE,t022_POPTPA23,POPTPA23.dbf,MUNIC_RES,C,7,0,String,0,144
IBGE,t022_POPTPA23,POPTPA23.dbf,ANO,C,4,0,String,0,1
IBGE,t022_POPTPA23,POPTPA23.dbf,POPULACAO,N,8,0,String,0,144
IBGE,t023_POPTPB23,POPTPB23.dbf,MUNIC_RES,C,7,0,String,0,200
IBGE,t023_POPTPB23,POPTPB23.dbf,ANO,C,4,0,String,0,1
IBGE,t023_POPTPB23,POPTPB23.dbf,POPULACAO,N,8,0,String,0,198
IBGE,t024_POPTPE23,POPTPE23.dbf,MUNIC_RES,C,7,0,String,0,185
IBGE,t024_POPTPE23,POPTPE23.dbf,ANO,C,4,0,String,0,1
IBGE,t024_POPTPE23,POPTPE23.dbf,POPULACAO,N,8,0,String,0,185
IBGE,t025_POPTPI23,POPTPI23.dbf,MUNIC_RES,C,7,0,String,0,200
IBGE,t025_POPTPI23,POPTPI23.dbf,ANO,C,4,0,String,0,1
IBGE,t025_POPTPI23,POPTPI23.dbf,POPULACAO,N,8,0,String,0,198
IBGE,t026_POPTPR23,POPTPR23.dbf,MUNIC_RES,C,7,0,String,0,200
IBGE,t026_POPTPR23,POPTPR23.dbf,ANO,C,4,0,String,0,1
IBGE,t026_POPTPR23,POPTPR23.dbf,POPULACAO,N,8,0,String,0,198
IBGE,t027_POPTRJ23,POPTRJ23.dbf,MUNIC_RES,C,7,0,String,0,92
IBGE,t027_POPTRJ23,POPTRJ23.dbf,ANO,C,4,0,String,0,1
IBGE,t027_POPTRJ23,POPTRJ23.dbf,POPULACAO,N,8,0,String,0,92
Base Territorial,t000_tb_terrcid,tb_terrcid.dbf,CO_TERRCID,C,3,0,String,0,148
Base Territorial,t000_tb_terrcid,tb_terrcid.dbf,DS_NOME,C,42,0,String,0,148
Base Territorial,t000_tb_terrcid,tb_terrcid.dbf,DS_NOMEPAD,C,42,0,String,0,148
Base Territorial,t000_tb_terrcid,tb_terrcid.dbf,CO_STATUS,C,6,0,String,0,2
Base Territorial,t000_tb_terrcid,tb_terrcid.dbf,NU_ORDMAP,N,1,0,String,0,2
Base Territorial,t001_tb_regsaud,tb_regsaud.dbf,CO_REGSAUD,C,5,0,String,0,200
Base Territorial,t001_tb_regsaud,tb_regsaud.dbf,CO_STATUS,C,1,0,String,0,1
Base Territorial,t001_tb_regsaud,tb_regsaud.dbf,DS_NOME,C,55,0,String,0,200
Base Territorial,t001_tb_regsaud,tb_regsaud.dbf,DS_NOMEPAD,C,55,0,String,0,200
Base Territorial,t001_tb_regsaud,tb_regsaud.dbf,DS_ABREV,C,55,0,String,0,200
Base Territorial,t001_tb_regsaud,tb_regsaud.dbf,NU_ORDEM,N,1,0,String,0,1
Base Territorial,t002_tb_regmetr,tb_regmetr.dbf,CO_REGMETR,C,4,0,String,0,114
Base Territorial,t002_tb_regmetr,tb_regmetr.dbf,CO_STATUS,C,1,0,String,0,2
Base Territorial,t002_tb_regmetr,tb_regmetr.dbf,CO_TIPO,C,1,0,String,0,2
Base Territorial,t002_tb_regmetr,tb_regmetr.dbf,DS_NOME,C,50,0,String,0,114
Base Territorial,t002_tb_regmetr,tb_regmetr.dbf,DS_NOMEPAD,C,50,0,String,0,114
Base Territorial,t002_tb_regmetr,tb_regmetr.dbf,DS_ABREV,C,50,0,String,0,114
Base Territorial,t002_tb_regmetr,tb_regmetr.dbf,NU_ORDEM,N,1,0,String,0,2
Base Territorial,t003_tb_regiao,tb_regiao.dbf,CO_REGIAO,N,1,0,String,0,6
Base Territorial,t003_tb_regiao,tb_regiao.dbf,CO_STATUS,C,5,0,String,0,2
Base Territorial,t003_tb_regiao,tb_regiao.dbf,DS_NOME,C,19,0,String,0,6
Base Territorial,t003_tb_regiao,tb_regiao.dbf,DS_NOMEPAD,C,19,0,String,0,6
Base Territorial,t003_tb_regiao,tb_regiao.dbf,DS_ABREV,C,8,0,String,0,6
Base Territorial,t003_tb_regiao,tb_regiao.dbf,NU_ORDEM,N,1,0,String,0,2
Base Territorial,t004_tb_pndr,tb_pndr.dbf,CO_PNDR,C,3,0,String,0,42
Base Territorial,t004_tb_pndr,tb_pndr.dbf,DS_NOME,C,42,0,String,0,42
Base Territorial,t004_tb_pndr,tb_pndr.dbf,DS_NOMEPAD,C,42,0,String,0,42
Base Territorial,t004_tb_pndr,tb_pndr.dbf,CO_STATUS,C,6,0,String,0,2
Base Territorial,t004_tb_pndr,tb_pndr.dbf,NU_ORDMAP,N,1,0,String,0,2
Base Territorial,t005_tb_municip,tb_municip.dbf,CO_MUNICIP,C,6,0,String,0,200
Base Territorial,t005_tb_municip,tb_municip.dbf,CO_MUNICDV,C,7,0,String,0,200
Base Territorial,t005_tb_municip,tb_municip.dbf,CO_STATUS,C,7,0,String,0,2
Base Territorial,t005_tb_municip,tb_municip.dbf,CO_TIPO,C,7,0,String,0,2
Base Territorial,t005_tb_municip,tb_municip.dbf,DS_NOME,C,48,0,String,0,200
Base Territorial,t005_tb_municip,tb_municip.dbf,DS_NOMEPAD,C,48,0,String,0,200
Base Territorial,t005_tb_municip,tb_municip.dbf,DS_OBSERV,C,1,0,String,0,2
Base Territorial,t005_tb_municip,tb_municip.dbf,CO_REGIAO,C,1,0,String,0,1
Base Territorial,t005_tb_municip,tb_municip.dbf,CO_UF,C,2,0,String,0,5
Base Territorial,t005_tb_municip,tb_municip.dbf,CO_ALTER,C,1,0,String,200,1
Base Territorial,t005_tb_municip,tb_municip.dbf,CO_ALTERDV,C,1,0,String,200,1
Base Territorial,t005_tb_municip,tb_municip.dbf,IN_CAPITAL,C,1,0,String,0,2
Base Territorial,t005_tb_municip,tb_municip.dbf,IN_AMAZLEG,C,1,0,String,0,1
Base Territorial,t005_tb_municip,tb_municip.dbf,IN_SEMIAR,C,1,0,String,0,1
Base Territorial,t005_tb_municip,tb_municip.dbf,IN_FRONTZN,C,1,0,String,0,2
Base Territorial,t005_tb_municip,tb_municip.dbf,DT_INSTAL,C,4,0,String,5,46
Base Territorial,t005_tb_municip,tb_municip.dbf,DT_EXTIN,C,4,0,String,200,1
Base Territorial,t005_tb_municip,tb_municip.dbf,CO_SUCESS,C,6,0,String,200,1
Base Territorial,t005_tb_municip,tb_municip.dbf,NU_ORDEM,C,1,0,String,200,1
Base Territorial,t005_tb_municip,tb_municip.dbf,NU_ORDMAP,C,1,0,String,200,1
Base Territorial,t005_tb_municip,tb_municip.dbf,NU_LATITUD,C,19,0,String,5,196
Base Territorial,t005_tb_municip,tb_municip.dbf,NU_LONGIT,C,18,0,String,5,196
Base Territorial,t005_tb_municip,tb_municip.dbf,NU_ALTITUD,C,4,0,String,5,107
Base Territorial,t005_tb_municip,tb_municip.dbf,NU_AREA,C,10,0,String,5,196
Base Territorial,t006_tb_mis,tb_mis.dbf,CO_MIS,C,3,0,String,0,1
Base Territorial,t006_tb_mis,tb_mis.dbf,NOME_MIS,C,98,0,String,0,1
Base Territorial,t006_tb_mis,tb_mis.dbf,CO_MUNIC_I,C,6,0,String,0,53
Base Territorial,t006_tb_mis,tb_mis.dbf,NU_ORDEM,C,1,0,String,0,1
Base Territorial,t007_tb_micibge,tb_micibge.dbf,CO_MICIBGE,C,5,0,String,0,200
Base Territorial,t007_tb_micibge,tb_micibge.dbf,CO_STATUS,C,1,0,String,0,2
Base Territorial,t007_tb_micibge,tb_micibge.dbf,DS_NOME,C,41,0,String,0,200
Base Territorial,t007_tb_micibge,tb_micibge.dbf,DS_NOMEPAD,C,41,0,String,0,200
Base Territorial,t007_tb_micibge,tb_micibge.dbf,DS_ABREV,C,21,0,String,0,188
Base Territorial,t007_tb_micibge,tb_micibge.dbf,NU_ORDEM,N,1,0,String,0,2
Base Territorial,t008_tb_macsaud,tb_macsaud.dbf,CO_MACSAUD,C,4,0,String,0,168
Base Territorial,t008_tb_macsaud,tb_macsaud.dbf,CO_STATUS,C,1,0,String,0,2
Base Territorial,t008_tb_macsaud,tb_macsaud.dbf,DS_NOME,C,37,0,String,0,153
Base Territorial,t008_tb_macsaud,tb_macsaud.dbf,DS_NOMEPAD,C,37,0,String,0,153
Base Territorial,t008_tb_macsaud,tb_macsaud.dbf,DS_ABREV,C,37,0,String,0,154
Base Territorial,t008_tb_macsaud,tb_macsaud.dbf,NU_ORDEM,N,1,0,String,0,2
Base Territorial,t009_tb_dsei,tb_dsei.dbf,CO_DSEI,C,3,0,String,0,34
Base Territorial,t009_tb_dsei,tb_dsei.dbf,DS_NOME,C,42,0,String,0,34
Base Territorial,t009_tb_dsei,tb_dsei.dbf,DS_NOMEPAD,C,42,0,String,0,34
Base Territorial,t009_tb_dsei,tb_dsei.dbf,CO_SEDE,C,6,0,String,0,33
Base Territorial,t010_tb_divadmant,tb_divadmant.dbf,CO_DIVADM,C,4,0,String,0,200
Base Territorial,t010_tb_divadmant,tb_divadmant.dbf,CO_STATUS,C,6,0,String,0,3
Base Territorial,t010_tb_divadmant,tb_divadmant.dbf,DS_NOME,C,42,0,String,0,200
Base Territorial,t010_tb_divadmant,tb_divadmant.dbf,DS_NOMEPAD,C,42,0,String,0,200
Base Territorial,t010_tb_divadmant,tb_divadmant.dbf,DS_ABREV,C,24,0,String,0,200
Base Territorial,t010_tb_divadmant,tb_divadmant.dbf,NU_ORDEM,C,1,0,String,0,3
Base Territorial,t011_tb_divadm,tb_divadm.dbf,CO_DIVADM,C,4,0,String,0,200
Base Territorial,t011_tb_divadm,tb_divadm.dbf,CO_STATUS,C,6,0,String,0,3
Base Territorial,t011_tb_divadm,tb_divadm.dbf,DS_NOME,C,42,0,String,0,200
Base Territorial,t011_tb_divadm,tb_divadm.dbf,DS_NOMEPAD,C,42,0,String,0,200
Base Territorial,t011_tb_divadm,tb_divadm.dbf,DS_ABREV,C,24,0,String,0,200
Base Territorial,t011_tb_divadm,tb_divadm.dbf,NU_ORDEM,C,1,0,String,0,3
Base Territorial,t012_rl_regsaud_macsaud,rl_regsaud_macsaud.dbf,CO_REGSAUD,C,5,0,String,0,199
Base Territorial,t012_rl_regsaud_macsaud,rl_regsaud_macsaud.dbf,CO_MACRORR,C,4,0,String,0,57
Base Territorial,t013_rl_municip_terrcid,rl_municip_terrcid.dbf,CO_MUNICIP,C,6,0,String,0,200
Base Territorial,t013_rl_municip_terrcid,rl_municip_terrcid.dbf,CO_TERRCID,C,3,0,String,0,15
Base Territorial,t014_rl_municip_regsaud,rl_municip_regsaud.dbf,CO_MUNICIP,C,6,0,String,0,200
Base Territorial,t014_rl_municip_regsaud,rl_municip_regsaud.dbf,CO_REGSAUD,C,5,0,String,0,25
Base Territorial,t015_rl_municip_regmetr,rl_municip_regmetr.dbf,CO_MUNICIP,C,6,0,String,0,200
Base Territorial,t015_rl_municip_regmetr,rl_municip_regmetr.dbf,CO_REGMET,C,4,0,String,0,15
Base Territorial,t016_rl_municip_pndr,rl_municip_pndr.dbf,CO_MUNICIP,C,6,0,String,0,200
Base Territorial,t016_rl_municip_pndr,rl_municip_pndr.dbf,CO_PNDR,C,3,0,String,0,1
Base Territorial,t017_rl_municip_micibge,rl_municip_micibge.dbf,CO_MUNICIP,C,6,0,String,0,200
Base Territorial,t017_rl_municip_micibge,rl_municip_micibge.dbf,CO_MICIBGE,C,5,0,String,0,27
Base Territorial,t018_rl_municip_macsaud,rl_municip_macsaud.dbf,CO_MUNICIP,C,6,0,String,0,200
Base Territorial,t018_rl_municip_macsaud,rl_municip_macsaud.dbf,CO_MACSAUD,C,4,0,String,0,16
Base Territorial,t019_rl_municip_dsei,rl_municip_dsei.dbf,CO_MUNICIP,C,6,0,String,0,191
Base Territorial,t019_rl_municip_dsei,rl_municip_dsei.dbf,CO_DSEI,C,3,0,String,0,29
Base Territorial,t020_rl_municip_divadm,rl_municip_divadm.dbf,CO_MUNICIP,C,6,0,String,0,200
Base Territorial,t020_rl_municip_divadm,rl_municip_divadm.dbf,CO_DIVADM,C,4,0,String,0,14
Base Territorial,t021_tb_uf,tb_uf.dbf,CO_UF,N,2,0,String,0,29
Base Territorial,t021_tb_uf,tb_uf.dbf,DS_SIGLA,C,2,0,String,0,29
Base Territorial,t021_tb_uf,tb_uf.dbf,CO_STATUS,C,6,0,String,0,3
Base Territorial,t021_tb_uf,tb_uf.dbf,DS_NOME,C,41,0,String,0,29
Base Territorial,t021_tb_uf,tb_uf.dbf,DS_NOMEPAD,C,41,0,String,0,29
Base Territorial,t021_tb_uf,tb_uf.dbf,CO_SUCESS,N,1,0,String,0,6
Base Territorial,t021_tb_uf,tb_uf.dbf,CO_REGIAO,N,8,0,String,0,28
Base Territorial,t021_tb_uf,tb_uf.dbf,NU_AREA,N,1,0,String,0,3
CIH,t000_CRCE1103,CRCE1103.dbc,ANO_CMPT,C,4,0,String,0,1
CIH,t000_CRCE1103,CRCE1103.dbc,MES_CMPT,C,2,0,String,0,1
CIH,t000_CRCE1103,CRCE1103.dbc,ESPEC,C,2,0,String,200,1
CIH,t000_CRCE1103,CRCE1103.dbc,CGC_HOSP,C,14,0,String,26,6
CIH,t000_CRCE1103,CRCE1103.dbc,MUNIC_RES,C,6,0,String,0,29
CIH,t000_CRCE1103,CRCE1103.dbc,NASC,C,8,0,String,0,192
CIH,t000_CRCE1103,CRCE1103.dbc,SEXO,C,1,0,String,0,2
CIH,t000_CRCE1103,CRCE1103.dbc,UTI_MES_TO,C,3,0,String,0,1
CIH,t000_CRCE1103,CRCE1103.dbc,UTI_INT_TO,C,3,0,String,106,3
CIH,t000_CRCE1103,CRCE1103.dbc,PROC_REA,C,10,0,String,0,55
CIH,t000_CRCE1103,CRCE1103.dbc,DT_INTER,C,8,0,String,0,35
CIH,t000_CRCE1103,CRCE1103.dbc,DT_SAIDA,C,8,0,String,0,31
CIH,t000_CRCE1103,CRCE1103.dbc,DIAG_PRINC,C,4,0,String,0,96
CIH,t000_CRCE1103,CRCE1103.dbc,DIAG_SECUN,C,4,0,String,197,3
CIH,t000_CRCE1103,CRCE1103.dbc,COBRANCA,C,2,0,String,0,6
CIH,t000_CRCE1103,CRCE1103.dbc,NATUREZA,C,2,0,String,0,1
CIH,t000_CRCE1103,CRCE1103.dbc,GESTAO,C,1,0,String,0,1
CIH,t000_CRCE1103,CRCE1103.dbc,MUNIC_MOV,C,6,0,String,0,4
CIH,t000_CRCE1103,CRCE1103.dbc,COD_IDADE,C,1,0,String,0,3
CIH,t000_CRCE1103,CRCE1103.dbc,IDADE,C,2,0,String,0,73
CIH,t000_CRCE1103,CRCE1103.dbc,DIAS_PERM,C,5,0,String,0,12
CIH,t000_CRCE1103,CRCE1103.dbc,MORTE,C,1,0,String,0,1
CIH,t000_CRCE1103,CRCE1103.dbc,NACIONAL,C,3,0,String,200,1
CIH,t000_CRCE1103,CRCE1103.dbc,CAR_INT,C,2,0,String,200,1
CIH,t000_CRCE1103,CRCE1103.dbc,HOMONIMO,C,1,0,String,200,1
CIH,t000_CRCE1103,CRCE1103.dbc,CNES,C,7,0,String,0,6
CIH,t000_CRCE1103,CRCE1103.dbc,FONTE,C,2,0,String,0,3
CIHA,t000_CIHADF2211,CIHADF2211.dbc,ANO_CMPT,C,4,0,String,0,1
CIHA,t000_CIHADF2211,CIHADF2211.dbc,MES_CMPT,C,2,0,String,0,1
CIHA,t000_CIHADF2211,CIHADF2211.dbc,ESPEC,C,2,0,String,200,1
CIHA,t000_CIHADF2211,CIHADF2211.dbc,CGC_HOSP,C,14,0,String,0,3
CIHA,t000_CIHADF2211,CIHADF2211.dbc,MUNIC_RES,C,6,0,String,70,2
CIHA,t000_CIHADF2211,CIHADF2211.dbc,NASC,C,8,0,String,70,112
CIHA,t000_CIHADF2211,CIHADF2211.dbc,SEXO,C,1,0,String,70,3
CIHA,t000_CIHADF2211,CIHADF2211.dbc,UTI_MES_TO,C,3,0,String,0,1
CIHA,t000_CIHADF2211,CIHADF2211.dbc,UTI_INT_TO,C,3,0,String,0,24
CIHA,t000_CIHADF2211,CIHADF2211.dbc,PROC_REA,C,10,0,String,0,69
CIHA,t000_CIHADF2211,CIHADF2211.dbc,QT_PROC,C,6,0,String,0,20
CIHA,t000_CIHADF2211,CIHADF2211.dbc,DT_ATEND,C,8,0,String,70,39
CIHA,t000_CIHADF2211,CIHADF2211.dbc,DT_SAIDA,C,8,0,String,70,30
CIHA,t000_CIHADF2211,CIHADF2211.dbc,DIAG_PRINC,C,4,0,String,91,53
CIHA,t000_CIHADF2211,CIHADF2211.dbc,DIAG_SECUN,C,4,0,String,200,1
CIHA,t000_CIHADF2211,CIHADF2211.dbc,COBRANCA,C,2,0,String,117,8
CIHA,t000_CIHADF2211,CIHADF2211.dbc,NATUREZA,C,2,0,String,200,1
CIHA,t000_CIHADF2211,CIHADF2211.dbc,GESTAO,C,1,0,String,0,1
CIHA,t000_CIHADF2211,CIHADF2211.dbc,MUNIC_MOV,C,6,0,String,0,1
CIHA,t000_CIHADF2211,CIHADF2211.dbc,COD_IDADE,C,1,0,String,70,3
CIHA,t000_CIHADF2211,CIHADF2211.dbc,IDADE,C,2,0,String,70,57
CIHA,t000_CIHADF2211,CIHADF2211.dbc,DIAS_PERM,C,5,0,String,70,25
CIHA,t000_CIHADF2211,CIHADF2211.dbc,MORTE,C,1,0,String,70,3
CIHA,t000_CIHADF2211,CIHADF2211.dbc,NACIONAL,C,3,0,String,200,1
CIHA,t000_CIHADF2211,CIHADF2211.dbc,CAR_INT,C,2,0,String,200,1
CIHA,t000_CIHADF2211,CIHADF2211.dbc,HOMONIMO,C,1,0,String,200,1
CIHA,t000_CIHADF2211,CIHADF2211.dbc,CNES,C,7,0,String,0,3
CIHA,t000_CIHADF2211,CIHADF2211.dbc,FONTE,C,2,0,String,0,6
CIHA,t000_CIHADF2211,CIHADF2211.dbc,CGC_CONSOR,C,14,0,String,70,7
CIHA,t000_CIHADF2211,CIHADF2211.dbc,MODALIDADE,C,2,0,String,0,3
CNES,t000_STRR2301,STRR2301.dbc,CNES,C,7,0,String,0,200
CNES,t000_STRR2301,STRR2301.dbc,CODUFMUN,C,6,0,String,0,3
CNES,t000_STRR2301,STRR2301.dbc,COD_CEP,C,8,0,String,0,70
CNES,t000_STRR2301,STRR2301.dbc,CPF_CNPJ,C,14,0,String,0,68
CNES,t000_STRR2301,STRR2301.dbc,PF_PJ,C,1,0,String,0,2
CNES,t000_STRR2301,STRR2301.dbc,NIV_DEP,C,1,0,String,0,2
CNES,t000_STRR2301,STRR2301.dbc,CNPJ_MAN,C,14,0,String,0,8
CNES,t000_STRR2301,STRR2301.dbc,COD_IR,C,2,0,String,200,1
CNES,t000_STRR2301,STRR2301.dbc,REGSAUDE,C,4,0,String,199,2
CNES,t000_STRR2301,STRR2301.dbc,MICR_REG,C,6,0,String,200,1
CNES,t000_STRR2301,STRR2301.dbc,DISTRSAN,C,4,0,String,200,1
CNES,t000_STRR2301,STRR2301.dbc,DISTRADM,C,4,0,String,200,1
CNES,t000_STRR2301,STRR2301.dbc,VINC_SUS,C,1,0,String,0,2
CNES,t000_STRR2301,STRR2301.dbc,TPGESTAO,C,1,0,String,0,3
CNES,t000_STRR2301,STRR2301.dbc,ESFERA_A,C,2,0,String,200,1
CNES,t000_STRR2301,STRR2301.dbc,RETENCAO,C,2,0,String,200,1
CNES,t000_STRR2301,STRR2301.dbc,ATIVIDAD,C,2,0,String,0,1
CNES,t000_STRR2301,STRR2301.dbc,NATUREZA,C,2,0,String,200,1
CNES,t000_STRR2301,STRR2301.dbc,CLIENTEL,C,2,0,String,0,3
CNES,t000_STRR2301,STRR2301.dbc,TP_UNID,C,2,0,String,0,22
CNES,t000_STRR2301,STRR2301.dbc,TURNO_AT,C,2,0,String,0,6
CNES,t000_STRR2301,STRR2301.dbc,NIV_HIER,C,2,0,String,200,1
CNES,t000_STRR2301,STRR2301.dbc,TP_PREST,C,2,0,String,0,1
CNES,t000_STRR2301,STRR2301.dbc,CO_BANCO,C,4,0,String,191,6
CNES,t000_STRR2301,STRR2301.dbc,CO_AGENC,C,5,0,String,191,8
CNES,t000_STRR2301,STRR2301.dbc,C_CORREN,C,14,0,String,191,10
CNES,t000_STRR2301,STRR2301.dbc,CONTRATM,C,11,0,String,200,1
CNES,t000_STRR2301,STRR2301.dbc,DT_PUBLM,C,8,0,String,200,1
CNES,t000_STRR2301,STRR2301.dbc,CONTRATE,C,11,0,String,200,1
CNES,t000_STRR2301,STRR2301.dbc,DT_PUBLE,C,8,0,String,200,1
CNES,t000_STRR2301,STRR2301.dbc,ALVARA,C,25,0,String,159,42
CNES,t000_STRR2301,STRR2301.dbc,DT_EXPED,C,8,0,String,161,37
CNES,t000_STRR2301,STRR2301.dbc,ORGEXPED,C,2,0,String,152,3
CNES,t000_STRR2301,STRR2301.dbc,AV_ACRED,C,1,0,String,200,1
CNES,t000_STRR2301,STRR2301.dbc,CLASAVAL,C,1,0,String,200,1
CNES,t000_STRR2301,STRR2301.dbc,DT_ACRED,C,6,0,String,200,1
CNES,t000_STRR2301,STRR2301.dbc,AV_PNASS,C,1,0,String,200,1
CNES,t000_STRR2301,STRR2301.dbc,DT_PNASS,C,6,0,String,200,1
CNES,t000_STRR2301,STRR2301.dbc,GESPRG1E,C,1,0,String,0,2
CNES,t000_STRR2301,STRR2301.dbc,GESPRG1M,C,1,0,String,0,2
CNES,t000_STRR2301,STRR2301.dbc,GESPRG2E,C,1,0,String,0,2
CNES,t000_STRR2301,STRR2301.dbc,GESPRG2M,C,1,0,String,0,2
CNES,t000_STRR2301,STRR2301.dbc,GESPRG4E,C,1,0,String,0,2
CNES,t000_STRR2301,STRR2301.dbc,GESPRG4M,C,1,0,String,0,1
CNES,t000_STRR2301,STRR2301.dbc,NIVATE_A,C,1,0,String,0,2
CNES,t000_STRR2301,STRR2301.dbc,GESPRG3E,C,1,0,String,0,1
CNES,t000_STRR2301,STRR2301.dbc,GESPRG3M,C,1,0,String,0,1
CNES,t000_STRR2301,STRR2301.dbc,GESPRG5E,C,1,0,String,0,2
CNES,t000_STRR2301,STRR2301.dbc,GESPRG5M,C,1,0,String,0,2
CNES,t000_STRR2301,STRR2301.dbc,GESPRG6E,C,1,0,String,0,2
CNES,t000_STRR2301,STRR2301.dbc,GESPRG6M,C,1,0,String,0,2
CNES,t000_STRR2301,STRR2301.dbc,NIVATE_H,C,1,0,String,0,2
CNES,t000_STRR2301,STRR2301.dbc,QTLEITP1,N,4,0,String,0,5
CNES,t000_STRR2301,STRR2301.dbc,QTLEITP2,N,4,0,String,0,7
CNES,t000_STRR2301,STRR2301.dbc,QTLEITP3,N,4,0,String,0,6
CNES,t000_STRR2301,STRR2301.dbc,LEITHOSP,C,1,0,String,0,2
CNES,t000_STRR2301,STRR2301.dbc,QTINST01,N,3,0,String,0,2
CNES,t000_STRR2301,STRR2301.dbc,QTINST02,N,3,0,String,0,1
CNES,t000_STRR2301,STRR2301.dbc,QTINST03,N,3,0,String,0,1
CNES,t000_STRR2301,STRR2301.dbc,QTINST04,N,3,0,String,0,3
CNES,t000_STRR2301,STRR2301.dbc,QTINST05,N,3,0,String,0,2
CNES,t000_STRR2301,STRR2301.dbc,QTINST06,N,3,0,String,0,1
CNES,t000_STRR2301,STRR2301.dbc,QTINST07,N,3,0,String,0,1
CNES,t000_STRR2301,STRR2301.dbc,QTINST08,N,3,0,String,0,4
CNES,t000_STRR2301,STRR2301.dbc,QTINST09,N,3,0,String,0,2
CNES,t000_STRR2301,STRR2301.dbc,QTINST10,N,3,0,String,0,2
CNES,t000_STRR2301,STRR2301.dbc,QTINST11,N,3,0,String,0,2
CNES,t000_STRR2301,STRR2301.dbc,QTINST12,N,3,0,String,0,2
CNES,t000_STRR2301,STRR2301.dbc,QTINST13,N,3,0,String,0,3
CNES,t000_STRR2301,STRR2301.dbc,QTINST14,N,3,0,String,0,6
CNES,t000_STRR2301,STRR2301.dbc,URGEMERG,C,1,0,String,0,2
CNES,t000_STRR2301,STRR2301.dbc,QTINST15,N,3,0,String,0,7
CNES,t000_STRR2301,STRR2301.dbc,QTINST16,N,3,0,String,0,9
CNES,t000_STRR2301,STRR2301.dbc,QTINST17,N,3,0,String,0,6
CNES,t000_STRR2301,STRR2301.dbc,QTINST18,N,3,0,String,0,8
CNES,t000_STRR2301,STRR2301.dbc,QTINST19,N,3,0,String,0,2
CNES,t000_STRR2301,STRR2301.dbc,QTINST20,N,3,0,String,0,2
CNES,t000_STRR2301,STRR2301.dbc,QTINST21,N,3,0,String,0,2
CNES,t000_STRR2301,STRR2301.dbc,QTINST22,N,3,0,String,0,2
CNES,t000_STRR2301,STRR2301.dbc,QTINST23,N,3,0,String,0,5
CNES,t000_STRR2301,STRR2301.dbc,QTINST24,N,3,0,String,0,3
CNES,t000_STRR2301,STRR2301.dbc,QTINST25,N,3,0,String,0,5
CNES,t000_STRR2301,STRR2301.dbc,QTINST26,N,3,0,String,0,2
CNES,t000_STRR2301,STRR2301.dbc,QTINST27,N,3,0,String,0,3
CNES,t000_STRR2301,STRR2301.dbc,QTINST28,N,3,0,String,0,2
CNES,t000_STRR2301,STRR2301.dbc,QTINST29,N,3,0,String,0,3
CNES,t000_STRR2301,STRR2301.dbc,QTINST30,N,3,0,String,0,2
CNES,t000_STRR2301,STRR2301.dbc,ATENDAMB,C,1,0,String,0,2
CNES,t000_STRR2301,STRR2301.dbc,QTINST31,N,3,0,String,0,4
CNES,t000_STRR2301,STRR2301.dbc,QTINST32,N,3,0,String,0,2
CNES,t000_STRR2301,STRR2301.dbc,QTINST33,N,3,0,String,0,1
CNES,t000_STRR2301,STRR2301.dbc,CENTRCIR,C,1,0,String,0,2
CNES,t000_STRR2301,STRR2301.dbc,QTINST34,N,3,0,String,0,3
CNES,t000_STRR2301,STRR2301.dbc,QTINST35,N,3,0,String,0,3
CNES,t000_STRR2301,STRR2301.dbc,QTINST36,N,3,0,String,0,2
CNES,t000_STRR2301,STRR2301.dbc,QTINST37,N,3,0,String,0,1
CNES,t000_STRR2301,STRR2301.dbc,CENTROBS,C,1,0,String,0,2
CNES,t000_STRR2301,STRR2301.dbc,QTLEIT05,N,3,0,String,0,5
CNES,t000_STRR2301,STRR2301.dbc,QTLEIT06,N,3,0,String,0,4
CNES,t000_STRR2301,STRR2301.dbc,QTLEIT07,N,3,0,String,0,3
CNES,t000_STRR2301,STRR2301.dbc,QTLEIT08,N,3,0,String,0,5
CNES,t000_STRR2301,STRR2301.dbc,QTLEIT09,N,3,0,String,0,1
CNES,t000_STRR2301,STRR2301.dbc,QTLEIT19,N,3,0,String,0,1
CNES,t000_STRR2301,STRR2301.dbc,QTLEIT20,N,3,0,String,0,1
CNES,t000_STRR2301,STRR2301.dbc,QTLEIT21,N,3,0,String,0,2
CNES,t000_STRR2301,STRR2301.dbc,QTLEIT22,N,3,0,String,0,3
CNES,t000_STRR2301,STRR2301.dbc,QTLEIT23,N,3,0,String,0,2
CNES,t000_STRR2301,STRR2301.dbc,QTLEIT32,N,3,0,String,0,5
CNES,t000_STRR2301,STRR2301.dbc,QTLEIT34,N,3,0,String,0,2
CNES,t000_STRR2301,STRR2301.dbc,QTLEIT38,N,3,0,String,0,2
CNES,t000_STRR2301,STRR2301.dbc,QTLEIT39,N,3,0,String,0,2
CNES,t000_STRR2301,STRR2301.dbc,QTLEIT40,N,3,0,String,0,2
CNES,t000_STRR2301,STRR2301.dbc,CENTRNEO,C,1,0,String,0,2
CNES,t000_STRR2301,STRR2301.dbc,ATENDHOS,C,1,0,String,0,2
CNES,t000_STRR2301,STRR2301.dbc,SERAP01P,C,1,0,String,0,2
CNES,t000_STRR2301,STRR2301.dbc,SERAP01T,C,1,0,String,0,2
CNES,t000_STRR2301,STRR2301.dbc,SERAP02P,C,1,0,String,0,2
CNES,t000_STRR2301,STRR2301.dbc,SERAP02T,C,1,0,String,0,2
CNES,t000_STRR2301,STRR2301.dbc,SERAP03P,C,1,0,String,0,2
CNES,t000_STRR2301,STRR2301.dbc,SERAP03T,C,1,0,String,0,1
CNES,t000_STRR2301,STRR2301.dbc,SERAP04P,C,1,0,String,0,2
CNES,t000_STRR2301,STRR2301.dbc,SERAP04T,C,1,0,String,0,2
CNES,t000_STRR2301,STRR2301.dbc,SERAP05P,C,1,0,String,0,2
CNES,t000_STRR2301,STRR2301.dbc,SERAP05T,C,1,0,String,0,2
CNES,t000_STRR2301,STRR2301.dbc,SERAP06P,C,1,0,String,0,2
CNES,t000_STRR2301,STRR2301.dbc,SERAP06T,C,1,0,String,0,2
CNES,t000_STRR2301,STRR2301.dbc,SERAP07P,C,1,0,String,0,2
CNES,t000_STRR2301,STRR2301.dbc,SERAP07T,C,1,0,String,0,1
CNES,t000_STRR2301,STRR2301.dbc,SERAP08P,C,1,0,String,0,2
CNES,t000_STRR2301,STRR2301.dbc,SERAP08T,C,1,0,String,0,2
CNES,t000_STRR2301,STRR2301.dbc,SERAP09P,C,1,0,String,0,2
CNES,t000_STRR2301,STRR2301.dbc,SERAP09T,C,1,0,String,0,2
CNES,t000_STRR2301,STRR2301.dbc,SERAP10P,C,1,0,String,0,2
CNES,t000_STRR2301,STRR2301.dbc,SERAP10T,C,1,0,String,0,1
CNES,t000_STRR2301,STRR2301.dbc,SERAP11P,C,1,0,String,0,2
CNES,t000_STRR2301,STRR2301.dbc,SERAP11T,C,1,0,String,0,1
CNES,t000_STRR2301,STRR2301.dbc,SERAPOIO,C,1,0,String,0,2
CNES,t000_STRR2301,STRR2301.dbc,RES_BIOL,C,1,0,String,0,2
CNES,t000_STRR2301,STRR2301.dbc,RES_QUIM,C,1,0,String,0,2
CNES,t000_STRR2301,STRR2301.dbc,RES_RADI,C,1,0,String,0,2
CNES,t000_STRR2301,STRR2301.dbc,RES_COMU,C,1,0,String,0,2
CNES,t000_STRR2301,STRR2301.dbc,COLETRES,C,1,0,String,0,2
CNES,t000_STRR2301,STRR2301.dbc,COMISS01,C,1,0,String,0,2
CNES,t000_STRR2301,STRR2301.dbc,COMISS02,C,1,0,String,0,2
CNES,t000_STRR2301,STRR2301.dbc,COMISS03,C,1,0,String,0,2
CNES,t000_STRR2301,STRR2301.dbc,COMISS04,C,1,0,String,0,2
CNES,t000_STRR2301,STRR2301.dbc,COMISS05,C,1,0,String,0,2
CNES,t000_STRR2301,STRR2301.dbc,COMISS06,C,1,0,String,0,2
CNES,t000_STRR2301,STRR2301.dbc,COMISS07,C,1,0,String,0,2
CNES,t000_STRR2301,STRR2301.dbc,COMISS08,C,1,0,String,0,2
CNES,t000_STRR2301,STRR2301.dbc,COMISS09,C,1,0,String,0,1
CNES,t000_STRR2301,STRR2301.dbc,COMISS10,C,1,0,String,0,2
CNES,t000_STRR2301,STRR2301.dbc,COMISS11,C,1,0,String,0,2
CNES,t000_STRR2301,STRR2301.dbc,COMISS12,C,1,0,String,0,2
CNES,t000_STRR2301,STRR2301.dbc,COMISSAO,C,1,0,String,0,2
CNES,t000_STRR2301,STRR2301.dbc,AP01CV01,C,1,0,String,0,2
CNES,t000_STRR2301,STRR2301.dbc,AP01CV02,C,1,0,String,0,2
CNES,t000_STRR2301,STRR2301.dbc,AP01CV03,C,1,0,String,0,1
CNES,t000_STRR2301,STRR2301.dbc,AP01CV04,C,1,0,String,0,1
CNES,t000_STRR2301,STRR2301.dbc,AP01CV05,C,1,0,String,0,1
CNES,t000_STRR2301,STRR2301.dbc,AP01CV06,C,1,0,String,0,1
CNES,t000_STRR2301,STRR2301.dbc,AP01CV07,C,1,0,String,0,1
CNES,t000_STRR2301,STRR2301.dbc,AP02CV01,C,1,0,String,0,2
CNES,t000_STRR2301,STRR2301.dbc,AP02CV02,C,1,0,String,0,2
CNES,t000_STRR2301,STRR2301.dbc,AP02CV03,C,1,0,String,0,1
CNES,t000_STRR2301,STRR2301.dbc,AP02CV04,C,1,0,String,0,1
CNES,t000_STRR2301,STRR2301.dbc,AP02CV05,C,1,0,String,0,2
CNES,t000_STRR2301,STRR2301.dbc,AP02CV06,C,1,0,String,0,2
CNES,t000_STRR2301,STRR2301.dbc,AP02CV07,C,1,0,String,0,2
CNES,t000_STRR2301,STRR2301.dbc,AP03CV01,C,1,0,String,0,2
CNES,t000_STRR2301,STRR2301.dbc,AP03CV02,C,1,0,String,0,2
CNES,t000_STRR2301,STRR2301.dbc,AP03CV03,C,1,0,String,0,1
CNES,t000_STRR2301,STRR2301.dbc,AP03CV04,C,1,0,String,0,1
CNES,t000_STRR2301,STRR2301.dbc,AP03CV05,C,1,0,String,0,2
CNES,t000_STRR2301,STRR2301.dbc,AP03CV06,C,1,0,String,0,2
CNES,t000_STRR2301,STRR2301.dbc,AP03CV07,C,1,0,String,0,1
CNES,t000_STRR2301,STRR2301.dbc,AP04CV01,C,1,0,String,0,2
CNES,t000_STRR2301,STRR2301.dbc,AP04CV02,C,1,0,String,0,2
CNES,t000_STRR2301,STRR2301.dbc,AP04CV03,C,1,0,String,0,1
CNES,t000_STRR2301,STRR2301.dbc,AP04CV04,C,1,0,String,0,1
CNES,t000_STRR2301,STRR2301.dbc,AP04CV05,C,1,0,String,0,1
CNES,t000_STRR2301,STRR2301.dbc,AP04CV06,C,1,0,String,0,1
CNES,t000_STRR2301,STRR2301.dbc,AP04CV07,C,1,0,String,0,1
CNES,t000_STRR2301,STRR2301.dbc,AP05CV01,C,1,0,String,0,2
CNES,t000_STRR2301,STRR2301.dbc,AP05CV02,C,1,0,String,0,2
CNES,t000_STRR2301,STRR2301.dbc,AP05CV03,C,1,0,String,0,1
CNES,t000_STRR2301,STRR2301.dbc,AP05CV04,C,1,0,String,0,1
CNES,t000_STRR2301,STRR2301.dbc,AP05CV05,C,1,0,String,0,1
CNES,t000_STRR2301,STRR2301.dbc,AP05CV06,C,1,0,String,0,1
CNES,t000_STRR2301,STRR2301.dbc,AP05CV07,C,1,0,String,0,1
CNES,t000_STRR2301,STRR2301.dbc,AP06CV01,C,1,0,String,0,2
CNES,t000_STRR2301,STRR2301.dbc,AP06CV02,C,1,0,String,0,2
CNES,t000_STRR2301,STRR2301.dbc,AP06CV03,C,1,0,String,0,1
CNES,t000_STRR2301,STRR2301.dbc,AP06CV04,C,1,0,String,0,1
CNES,t000_STRR2301,STRR2301.dbc,AP06CV05,C,1,0,String,0,1
CNES,t000_STRR2301,STRR2301.dbc,AP06CV06,C,1,0,String,0,1
CNES,t000_STRR2301,STRR2301.dbc,AP06CV07,C,1,0,String,0,2
CNES,t000_STRR2301,STRR2301.dbc,AP07CV01,C,1,0,String,0,1
CNES,t000_STRR2301,STRR2301.dbc,AP07CV02,C,1,0,String,0,1
CNES,t000_STRR2301,STRR2301.dbc,AP07CV03,C,1,0,String,0,1
CNES,t000_STRR2301,STRR2301.dbc,AP07CV04,C,1,0,String,0,1
CNES,t000_STRR2301,STRR2301.dbc,AP07CV05,C,1,0,String,0,1
CNES,t000_STRR2301,STRR2301.dbc,AP07CV06,C,1,0,String,0,1
CNES,t000_STRR2301,STRR2301.dbc,AP07CV07,C,1,0,String,0,1
CNES,t000_STRR2301,STRR2301.dbc,ATEND_PR,C,1,0,String,0,1
CNES,t000_STRR2301,STRR2301.dbc,DT_ATUAL,C,6,0,String,0,38
CNES,t000_STRR2301,STRR2301.dbc,COMPETEN,C,6,0,String,0,1
CNES,t000_STRR2301,STRR2301.dbc,NAT_JUR,C,4,0,String,0,12
ESUSNOTIFICA,t000_DCCRBR23,DCCRBR23.dbc,SG_UF_NOT,C,19,0,String,0,18
ESUSNOTIFICA,t000_DCCRBR23,DCCRBR23.dbc,ID_MUNICIP,C,25,0,String,0,77
ESUSNOTIFICA,t000_DCCRBR23,DCCRBR23.dbc,ID_ESTRANG,C,3,0,String,170,2
ESUSNOTIFICA,t000_DCCRBR23,DCCRBR23.dbc,ID_OCUPA_N,C,88,0,String,178,15
ESUSNOTIFICA,t000_DCCRBR23,DCCRBR23.dbc,ID_PAIS,C,9,0,String,200,1
ESUSNOTIFICA,t000_DCCRBR23,DCCRBR23.dbc,NU_IDADE_N,C,4,0,String,0,59
ESUSNOTIFICA,t000_DCCRBR23,DCCRBR23.dbc,CS_SEXO,C,9,0,String,0,2
ESUSNOTIFICA,t000_DCCRBR23,DCCRBR23.dbc,CS_RACA,C,8,0,String,0,6
ESUSNOTIFICA,t000_DCCRBR23,DCCRBR23.dbc,CS_ESCOL_N,C,13,0,String,22,8
ESUSNOTIFICA,t000_DCCRBR23,DCCRBR23.dbc,SG_UF,C,19,0,String,0,18
ESUSNOTIFICA,t000_DCCRBR23,DCCRBR23.dbc,ID_MN_RESI,C,27,0,String,0,99
ESUSNOTIFICA,t000_DCCRBR23,DCCRBR23.dbc,SG_PAIS,C,9,0,String,200,1
ESUSNOTIFICA,t000_DCCRBR23,DCCRBR23.dbc,DT_NOTIFIC,C,10,0,String,0,53
ESUSNOTIFICA,t000_DCCRBR23,DCCRBR23.dbc,ANO_DIAG,C,4,0,String,1,30
ESUSNOTIFICA,t000_DCCRBR23,DCCRBR23.dbc,MO_SUSPEIT,C,53,0,String,0,9
ESUSNOTIFICA,t000_DCCRBR23,DCCRBR23.dbc,CS_GESTANT,C,26,0,String,0,5
ESUSNOTIFICA,t000_DCCRBR23,DCCRBR23.dbc,UF_NASC,C,19,0,String,37,16
ESUSNOTIFICA,t000_DCCRBR23,DCCRBR23.dbc,MUN_NASC,C,27,0,String,47,95
ESUSNOTIFICA,t000_DCCRBR23,DCCRBR23.dbc,COUFINF,C,19,0,String,53,19
ESUSNOTIFICA,t000_DCCRBR23,DCCRBR23.dbc,COMUNINF,C,23,0,String,181,15
ESUSNOTIFICA,t000_DCCRBR23,DCCRBR23.dbc,EIE_IGG,C,14,0,String,0,5
ESUSNOTIFICA,t000_DCCRBR23,DCCRBR23.dbc,IFI_IGG,C,14,0,String,0,5
ESUSNOTIFICA,t000_DCCRBR23,DCCRBR23.dbc,HAI_IGG,C,14,0,String,0,4
ESUSNOTIFICA,t000_DCCRBR23,DCCRBR23.dbc,QUIMIO_IGG,C,14,0,String,0,4
ESUSNOTIFICA,t000_DCCRBR23,DCCRBR23.dbc,PCR,C,13,0,String,5,3
ESUSNOTIFICA,t000_DCCRBR23,DCCRBR23.dbc,OUTRO_POSI,C,3,0,String,11,3
ESUSNOTIFICA,t000_DCCRBR23,DCCRBR23.dbc,AC_NOT,C,3,0,String,124,3
ESUSNOTIFICA,t000_DCCRBR23,DCCRBR23.dbc,UF_UBS_AC,C,19,0,String,179,10
ESUSNOTIFICA,t000_DCCRBR23,DCCRBR23.dbc,MUN_UBS_AC,C,25,0,String,179,11
ESUSNOTIFICA,t000_DCCRBR23,DCCRBR23.dbc,HOSP_ESP,C,3,0,String,162,3
ESUSNOTIFICA,t000_DCCRBR23,DCCRBR23.dbc,UF_HOSPESP,C,19,0,String,187,11
ESUSNOTIFICA,t000_DCCRBR23,DCCRBR23.dbc,MUN_ESP,C,25,0,String,187,11
ESUSNOTIFICA,t000_DCCRBR23,DCCRBR23.dbc,ELETROCARD,C,13,0,String,134,4
ESUSNOTIFICA,t000_DCCRBR23,DCCRBR23.dbc,RX_TORAX,C,13,0,String,137,4
ESUSNOTIFICA,t000_DCCRBR23,DCCRBR23.dbc,RX_COLON,C,13,0,String,135,4
ESUSNOTIFICA,t000_DCCRBR23,DCCRBR23.dbc,RX_ESOFAGO,C,13,0,String,135,4
ESUSNOTIFICA,t000_DCCRBR23,DCCRBR23.dbc,ECOCARDIO,C,13,0,String,135,4
ESUSNOTIFICA,t000_DCCRBR23,DCCRBR23.dbc,OUTRO_EXAM,C,13,0,String,135,4
ESUSNOTIFICA,t000_DCCRBR23,DCCRBR23.dbc,EXAME_DESC,C,254,0,String,187,14
ESUSNOTIFICA,t000_DCCRBR23,DCCRBR23.dbc,COMORBID,C,109,0,String,157,10
ESUSNOTIFICA,t000_DCCRBR23,DCCRBR23.dbc,HIV,C,3,0,String,0,2
ESUSNOTIFICA,t000_DCCRBR23,DCCRBR23.dbc,HIPERTEN,C,3,0,String,0,2
ESUSNOTIFICA,t000_DCCRBR23,DCCRBR23.dbc,HEPATITE,C,3,0,String,0,1
ESUSNOTIFICA,t000_DCCRBR23,DCCRBR23.dbc,DIABETES,C,3,0,String,0,2
ESUSNOTIFICA,t000_DCCRBR23,DCCRBR23.dbc,CARDIOPAT,C,3,0,String,0,2
ESUSNOTIFICA,t000_DCCRBR23,DCCRBR23.dbc,NEOPLASIA,C,3,0,String,0,2
ESUSNOTIFICA,t000_DCCRBR23,DCCRBR23.dbc,LEISHMANIA,C,3,0,String,0,1
ESUSNOTIFICA,t000_DCCRBR23,DCCRBR23.dbc,OUT_COMORB,C,3,0,String,0,2
ESUSNOTIFICA,t000_DCCRBR23,DCCRBR23.dbc,FORMA,C,22,0,String,124,7
ESUSNOTIFICA,t000_DCCRBR23,DCCRBR23.dbc,REATIVACAO,C,3,0,String,139,3
ESUSNOTIFICA,t000_DCCRBR23,DCCRBR23.dbc,HIST_BNZ,C,3,0,String,132,3
ESUSNOTIFICA,t000_DCCRBR23,DCCRBR23.dbc,TRAT_BNZ,C,3,0,String,124,3
ESUSNOTIFICA,t000_DCCRBR23,DCCRBR23.dbc,BNZ_TOT_CP,C,3,0,String,182,8
ESUSNOTIFICA,t000_DCCRBR23,DCCRBR23.dbc,BNZ_DIAS,C,3,0,String,183,7
ESUSNOTIFICA,t000_DCCRBR23,DCCRBR23.dbc,TRAT_NFX,C,3,0,String,136,2
ESUSNOTIFICA,t000_DCCRBR23,DCCRBR23.dbc,NFX_TOT_CP,C,3,0,String,200,1
ESUSNOTIFICA,t000_DCCRBR23,DCCRBR23.dbc,NFX_DIAS,C,2,0,String,200,1
ESUSNOTIFICA,t000_DCCRBR23,DCCRBR23.dbc,ADVERS_BNZ,C,11,0,String,161,2
ESUSNOTIFICA,t000_DCCRBR23,DCCRBR23.dbc,BNZ_LEVE,C,24,0,String,198,2
ESUSNOTIFICA,t000_DCCRBR23,DCCRBR23.dbc,BNZ_GRAVE,C,16,0,String,200,1
ESUSNOTIFICA,t000_DCCRBR23,DCCRBR23.dbc,BNZ_AUGESI,C,7,0,String,200,1
ESUSNOTIFICA,t000_DCCRBR23,DCCRBR23.dbc,BNZ_PAREST,C,11,0,String,200,1
ESUSNOTIFICA,t000_DCCRBR23,DCCRBR23.dbc,BNZ_DEPRE,C,22,0,String,200,1
ESUSNOTIFICA,t000_DCCRBR23,DCCRBR23.dbc,BNZ_GASTRO,C,29,0,String,200,1
ESUSNOTIFICA,t000_DCCRBR23,DCCRBR23.dbc,BNZ_ARTRAL,C,10,0,String,200,1
ESUSNOTIFICA,t000_DCCRBR23,DCCRBR23.dbc,REAC_BNZ,C,6,0,String,200,1
ESUSNOTIFICA,t000_DCCRBR23,DCCRBR23.dbc,BNZ_OUTRAS,C,105,0,String,200,1
ESUSNOTIFICA,t000_DCCRBR23,DCCRBR23.dbc,ADVERS_NFX,C,11,0,String,183,2
ESUSNOTIFICA,t000_DCCRBR23,DCCRBR23.dbc,NFX_LEVE,C,24,0,String,200,1
ESUSNOTIFICA,t000_DCCRBR23,DCCRBR23.dbc,NFX_GRAVE,N,1,0,String,0,1
ESUSNOTIFICA,t000_DCCRBR23,DCCRBR23.dbc,NFX_AGEUSI,N,1,0,String,0,1
ESUSNOTIFICA,t000_DCCRBR23,DCCRBR23.dbc,NFX_PAREST,C,11,0,String,200,1
ESUSNOTIFICA,t000_DCCRBR23,DCCRBR23.dbc,NFX_MEDULA,N,1,0,String,0,1
ESUSNOTIFICA,t000_DCCRBR23,DCCRBR23.dbc,NFX_GASTRO,C,29,0,String,200,1
ESUSNOTIFICA,t000_DCCRBR23,DCCRBR23.dbc,NFX_ARTRAL,C,10,0,String,200,1
ESUSNOTIFICA,t000_DCCRBR23,DCCRBR23.dbc,REAC_NFX,C,6,0,String,200,1
ESUSNOTIFICA,t000_DCCRBR23,DCCRBR23.dbc,NFX_OUTRAS,C,49,0,String,200,1
ESUSNOTIFICA,t000_DCCRBR23,DCCRBR23.dbc,HIST_EPID,C,14,0,String,131,6
ESUSNOTIFICA,t000_DCCRBR23,DCCRBR23.dbc,BUSCAATIVA,C,3,0,String,124,3
ESUSNOTIFICA,t000_DCCRBR23,DCCRBR23.dbc,DIAG_FAMIL,C,14,0,String,163,8
ESUSNOTIFICA,t000_DCCRBR23,DCCRBR23.dbc,EXAM_FAMIL,C,14,0,String,163,7
ESUSNOTIFICA,t000_DCCRBR23,DCCRBR23.dbc,CONF_FAMIL,C,14,0,String,163,3
ESUSNOTIFICA,t000_DCCRBR23,DCCRBR23.dbc,TF_RESIDEN,C,3,0,String,136,3
ESUSNOTIFICA,t000_DCCRBR23,DCCRBR23.dbc,UF_RESI_TF,C,18,0,String,199,2
ESUSNOTIFICA,t000_DCCRBR23,DCCRBR23.dbc,MN_RESI_TF,C,23,0,String,199,2
ESUSNOTIFICA,t000_DCCRBR23,DCCRBR23.dbc,MUD_UBS_AC,C,3,0,String,166,2
ESUSNOTIFICA,t000_DCCRBR23,DCCRBR23.dbc,UF_NOV_AC,C,12,0,String,200,1
ESUSNOTIFICA,t000_DCCRBR23,DCCRBR23.dbc,MUN_NOV_AC,C,21,0,String,200,1
ESUSNOTIFICA,t000_DCCRBR23,DCCRBR23.dbc,NOVO_ESPEC,C,3,0,String,138,2
ESUSNOTIFICA,t000_DCCRBR23,DCCRBR23.dbc,ANT_UF_ESP,C,17,0,String,200,1
ESUSNOTIFICA,t000_DCCRBR23,DCCRBR23.dbc,ANT_MUN,C,14,0,String,200,1
ESUSNOTIFICA,t000_DCCRBR23,DCCRBR23.dbc,ST_ENCERRA,C,35,0,String,154,6
ESUSNOTIFICA,t000_DCCRBR23,DCCRBR23.dbc,DT_OBITO,C,10,0,String,189,12
ESUSNOTIFICA,t000_DCCRBR23,DCCRBR23.dbc,DT_ENCERRA,C,10,0,String,154,40
ESUSNOTIFICA,t000_DCCRBR23,DCCRBR23.dbc,SITUACAO,N,1,0,String,0,1
ESUSNOTIFICA,t000_DCCRBR23,DCCRBR23.dbc,DT_CRIACAO,C,10,0,String,0,100
ESUSNOTIFICA,t000_DCCRBR23,DCCRBR23.dbc,DT_DIGITAC,C,10,0,String,0,100
ESUSNOTIFICA,t000_DCCRBR23,DCCRBR23.dbc,LAB_CNES,N,1,0,String,0,1
ESUSNOTIFICA,t000_DCCRBR23,DCCRBR23.dbc,CNES,C,37,0,String,63,76
ESUSNOTIFICA,t000_DCCRBR23,DCCRBR23.dbc,CD_MUNICIP,C,6,0,String,0,77
ESUSNOTIFICA,t000_DCCRBR23,DCCRBR23.dbc,CD_MN_RESI,C,6,0,String,0,99
ESUSNOTIFICA,t000_DCCRBR23,DCCRBR23.dbc,CD_MUN_NAS,C,6,0,String,47,95
ESUSNOTIFICA,t000_DCCRBR23,DCCRBR23.dbc,CD_COMUNIN,C,6,0,String,181,15
ESUSNOTIFICA,t000_DCCRBR23,DCCRBR23.dbc,CD_MUN_UBS,C,6,0,String,179,11
ESUSNOTIFICA,t000_DCCRBR23,DCCRBR23.dbc,CD_MUN_ESP,C,6,0,String,187,11
ESUSNOTIFICA,t000_DCCRBR23,DCCRBR23.dbc,CD_MN_RES0,C,6,0,String,199,2
ESUSNOTIFICA,t000_DCCRBR23,DCCRBR23.dbc,CD_MUN_NOV,C,6,0,String,200,1
ESUSNOTIFICA,t000_DCCRBR23,DCCRBR23.dbc,CD_ANT_MUN,C,6,0,String,200,1
ESUSNOTIFICA,t000_DCCRBR23,DCCRBR23.dbc,ANO_NASC,C,4,0,String,0,59
PCE,t000_PCEAL23,PCEAL23.dbc,ID_UF,C,2,0,String,0,1
PCE,t000_PCEAL23,PCEAL23.dbc,SG_UF,C,2,0,String,0,1
PCE,t000_PCEAL23,PCEAL23.dbc,ID_LOC,C,12,0,String,0,126
PCE,t000_PCEAL23,PCEAL23.dbc,DT_COMP,C,6,0,String,0,5
PCE,t000_PCEAL23,PCEAL23.dbc,QT_POP,C,4,0,String,0,133
PCE,t000_PCEAL23,PCEAL23.dbc,QT_PRED,C,1,0,String,0,1
PCE,t000_PCEAL23,PCEAL23.dbc,QT_EXAM,C,4,0,String,0,124
PCE,t000_PCEAL23,PCEAL23.dbc,QT_NRECOL,C,4,0,String,0,96
PCE,t000_PCEAL23,PCEAL23.dbc,QT_1A4,C,2,0,String,0,16
PCE,t000_PCEAL23,PCEAL23.dbc,QT_5A16,C,2,0,String,0,7
PCE,t000_PCEAL23,PCEAL23.dbc,QT_17,C,2,0,String,0,5
PCE,t000_PCEAL23,PCEAL23.dbc,QT_POS,C,3,0,String,0,22
PCE,t000_PCEAL23,PCEAL23.dbc,QT_ATRAT,C,3,0,String,0,22
PCE,t000_PCEAL23,PCEAL23.dbc,QT_TRAT,C,3,0,String,0,16
PCE,t000_PCEAL23,PCEAL23.dbc,QT_CI,C,3,0,String,0,3
PCE,t000_PCEAL23,PCEAL23.dbc,QT_REC,C,1,0,String,0,1
PCE,t000_PCEAL23,PCEAL23.dbc,QT_AUS,C,3,0,String,0,15
PCE,t000_PCEAL23,PCEAL23.dbc,QT_ASC,C,3,0,String,0,24
PCE,t000_PCEAL23,PCEAL23.dbc,QT_ANC,C,3,0,String,0,29
PCE,t000_PCEAL23,PCEAL23.dbc,QT_TAE,C,2,0,String,0,6
PCE,t000_PCEAL23,PCEAL23.dbc,QT_TT,C,2,0,String,0,9
PCE,t000_PCEAL23,PCEAL23.dbc,QT_EV,C,2,0,String,0,7
PCE,t000_PCEAL23,PCEAL23.dbc,QT_SE,C,2,0,String,0,2
PCE,t000_PCEAL23,PCEAL23.dbc,QT_HN,C,3,0,String,0,3
PCE,t000_PCEAL23,PCEAL23.dbc,QT_OUT,C,2,0,String,0,4
PCE,t000_PCEAL23,PCEAL23.dbc,QT_CAP,C,3,0,String,0,1
PCE,t000_PCEAL23,PCEAL23.dbc,QT_PESQ,C,3,0,String,0,1
PCE,t000_PCEAL23,PCEAL23.dbc,QT_BGLA,C,2,0,String,0,1
PCE,t000_PCEAL23,PCEAL23.dbc,QT_BSTR,C,3,0,String,0,1
PCE,t000_PCEAL23,PCEAL23.dbc,QT_BTEN,C,1,0,String,0,1
PCE,t000_PCEAL23,PCEAL23.dbc,QT_OUT1,C,3,0,String,0,1
PCE,t000_PCEAL23,PCEAL23.dbc,QT_POSBGLA,C,1,0,String,0,1
PCE,t000_PCEAL23,PCEAL23.dbc,QT_POSBTEN,C,1,0,String,0,1
PCE,t000_PCEAL23,PCEAL23.dbc,QT_POSBSTR,C,2,0,String,0,1
PCE,t000_PCEAL23,PCEAL23.dbc,QT_POSOUT,C,1,0,String,0,1
PO,t000_POBR2023,POBR2023.dbc,ANO_DIAGN,C,4,0,String,0,1
PO,t000_POBR2023,POBR2023.dbc,ANOMES_DIA,C,6,0,String,0,12
PO,t000_POBR2023,POBR2023.dbc,ANO_TRATAM,C,4,0,String,126,4
PO,t000_POBR2023,POBR2023.dbc,ANOMES_TRA,C,6,0,String,126,21
PO,t000_POBR2023,POBR2023.dbc,UF_RESID,C,2,0,String,0,24
PO,t000_POBR2023,POBR2023.dbc,MUN_RESID,C,6,0,String,0,156
PO,t000_POBR2023,POBR2023.dbc,UF_TRATAM,C,2,0,String,126,20
PO,t000_POBR2023,POBR2023.dbc,MUN_TRATAM,C,6,0,String,126,51
PO,t000_POBR2023,POBR2023.dbc,UF_DIAGN,C,2,0,String,0,23
PO,t000_POBR2023,POBR2023.dbc,MUN_DIAG,C,6,0,String,0,98
PO,t000_POBR2023,POBR2023.dbc,TRATAMENTO,C,1,0,String,0,5
PO,t000_POBR2023,POBR2023.dbc,DIAGNOSTIC,C,2,0,String,0,4
PO,t000_POBR2023,POBR2023.dbc,IDADE,C,3,0,String,0,64
PO,t000_POBR2023,POBR2023.dbc,SEXO,C,1,0,String,0,2
PO,t000_POBR2023,POBR2023.dbc,ESTADIAM,C,1,0,String,5,8
PO,t000_POBR2023,POBR2023.dbc,CNES_DIAG,C,7,0,String,0,142
PO,t000_POBR2023,POBR2023.dbc,CNES_TRAT,C,7,0,String,126,61
PO,t000_POBR2023,POBR2023.dbc,TEMPO_TRAT,C,5,0,String,5,48
PO,t000_POBR2023,POBR2023.dbc,CNS_PAC,C,15,0,String,200,1
PO,t000_POBR2023,POBR2023.dbc,DIAG_DETH,C,3,0,String,0,54
PO,t000_POBR2023,POBR2023.dbc,DT_DIAG,C,10,0,String,0,140
PO,t000_POBR2023,POBR2023.dbc,DT_TRAT,C,10,0,String,126,64
PO,t000_POBR2023,POBR2023.dbc,DT_NASC,C,10,0,String,0,200
RESP,t000_RESPRR23,RESPRR23.dbc,CO_SEQ,C,6,0,String,0,1
RESP,t000_RESPRR23,RESPRR23.dbc,DT_NOTIFIC,C,10,0,String,0,2
RESP,t000_RESPRR23,RESPRR23.dbc,ANO_NOT,C,7,0,String,0,1
RESP,t000_RESPRR23,RESPRR23.dbc,TP_NOTIFIC,C,10,0,String,0,1
RESP,t000_RESPRR23,RESPRR23.dbc,DT_NASCMAE,C,10,0,String,1,3
RESP,t000_RESPRR23,RESPRR23.dbc,IDADEGES,C,8,0,String,0,3
RESP,t000_RESPRR23,RESPRR23.dbc,RACACOR,C,7,0,String,0,2
RESP,t000_RESPRR23,RESPRR23.dbc,REGIAORES,C,9,0,String,0,1
RESP,t000_RESPRR23,RESPRR23.dbc,UFRES,C,5,0,String,0,1
RESP,t000_RESPRR23,RESPRR23.dbc,CODMUNRES,C,9,0,String,0,1
RESP,t000_RESPRR23,RESPRR23.dbc,SEXO,C,4,0,String,0,2
RESP,t000_RESPRR23,RESPRR23.dbc,DT_NASC,C,8,0,String,0,3
RESP,t000_RESPRR23,RESPRR23.dbc,ANO_NASC,C,8,0,String,0,2
RESP,t000_RESPRR23,RESPRR23.dbc,PESO,C,4,0,String,0,3
RESP,t000_RESPRR23,RESPRR23.dbc,COMPRIMENT,C,10,0,String,0,3
RESP,t000_RESPRR23,RESPRR23.dbc,PERIMCEFAL,C,10,0,String,0,3
RESP,t000_RESPRR23,RESPRR23.dbc,DIAMCEFAL,C,9,0,String,3,1
RESP,t000_RESPRR23,RESPRR23.dbc,MICROCEFAL,C,10,0,String,0,2
RESP,t000_RESPRR23,RESPRR23.dbc,DEF_NEURO,C,9,0,String,0,1
RESP,t000_RESPRR23,RESPRR23.dbc,DEF_AUDIT,C,9,0,String,0,1
RESP,t000_RESPRR23,RESPRR23.dbc,DEF_VISUAL,C,10,0,String,0,1
RESP,t000_RESPRR23,RESPRR23.dbc,TPDETECCAO,C,10,0,String,0,2
RESP,t000_RESPRR23,RESPRR23.dbc,GEST_DIAG,C,9,0,String,0,2
RESP,t000_RESPRR23,RESPRR23.dbc,GRAVIDEZ,C,8,0,String,0,1
RESP,t000_RESPRR23,RESPRR23.dbc,CLASS_FETO,C,10,0,String,0,1
RESP,t000_RESPRR23,RESPRR23.dbc,DT_SINTOMA,C,10,0,String,2,2
RESP,t000_RESPRR23,RESPRR23.dbc,FEBRE_GES,C,9,0,String,0,2
RESP,t000_RESPRR23,RESPRR23.dbc,EXANT_GES,C,9,0,String,0,2
RESP,t000_RESPRR23,RESPRR23.dbc,PRURIDO,C,7,0,String,0,1
RESP,t000_RESPRR23,RESPRR23.dbc,CONJUNTIV,C,9,0,String,0,1
RESP,t000_RESPRR23,RESPRR23.dbc,DOR_ARTIC,C,9,0,String,0,1
RESP,t000_RESPRR23,RESPRR23.dbc,DOR_MUSC,C,8,0,String,0,1
RESP,t000_RESPRR23,RESPRR23.dbc,EDEMA,C,5,0,String,0,1
RESP,t000_RESPRR23,RESPRR23.dbc,CEFALEIA,C,8,0,String,0,1
RESP,t000_RESPRR23,RESPRR23.dbc,HIPERT_GAN,C,10,0,String,0,1
RESP,t000_RESPRR23,RESPRR23.dbc,NEUROLOG,C,8,0,String,0,1
RESP,t000_RESPRR23,RESPRR23.dbc,EXA_TORSCH,C,10,0,String,0,2
RESP,t000_RESPRR23,RESPRR23.dbc,RESUL_S,C,7,0,String,0,3
RESP,t000_RESPRR23,RESPRR23.dbc,RESUL_TO,C,8,0,String,0,2
RESP,t000_RESPRR23,RESPRR23.dbc,RESUL_C,C,7,0,String,0,1
RESP,t000_RESPRR23,RESPRR23.dbc,RESUL_H,C,7,0,String,0,1
RESP,t000_RESPRR23,RESPRR23.dbc,RESUL_Z,C,7,0,String,0,2
RESP,t000_RESPRR23,RESPRR23.dbc,SO_IGG_Z,C,8,0,String,0,2
RESP,t000_RESPRR23,RESPRR23.dbc,SO_IGM_Z,C,8,0,String,0,2
RESP,t000_RESPRR23,RESPRR23.dbc,TR_IGG_Z,C,8,0,String,0,1
RESP,t000_RESPRR23,RESPRR23.dbc,TR_IGM_Z,C,8,0,String,0,1
RESP,t000_RESPRR23,RESPRR23.dbc,PCR_Z,C,5,0,String,0,2
RESP,t000_RESPRR23,RESPRR23.dbc,HIST_ARBOV,C,10,0,String,0,1
RESP,t000_RESPRR23,RESPRR23.dbc,HIST_MALFO,C,10,0,String,0,1
RESP,t000_RESPRR23,RESPRR23.dbc,RNEXA_TORS,C,10,0,String,0,1
RESP,t000_RESPRR23,RESPRR23.dbc,RNRESUL_S,C,9,0,String,0,1
RESP,t000_RESPRR23,RESPRR23.dbc,RNRESUL_TO,C,10,0,String,0,1
RESP,t000_RESPRR23,RESPRR23.dbc,RNRESUL_C,C,9,0,String,0,1
RESP,t000_RESPRR23,RESPRR23.dbc,RNRESUL_H,C,9,0,String,0,1
RESP,t000_RESPRR23,RESPRR23.dbc,RNRESUL_Z,C,9,0,String,0,2
RESP,t000_RESPRR23,RESPRR23.dbc,RNSO_IGG_Z,C,10,0,String,0,2
RESP,t000_RESPRR23,RESPRR23.dbc,RNSO_IGM_Z,C,10,0,String,0,2
RESP,t000_RESPRR23,RESPRR23.dbc,RNTR_IGG_Z,C,10,0,String,0,1
RESP,t000_RESPRR23,RESPRR23.dbc,RNTR_IGM_Z,C,10,0,String,0,1
RESP,t000_RESPRR23,RESPRR23.dbc,RNPCR_Z,C,7,0,String,0,2
RESP,t000_RESPRR23,RESPRR23.dbc,EXAME_USS,C,9,0,String,0,2
RESP,t000_RESPRR23,RESPRR23.dbc,DT_USS,C,8,0,String,2,2
RESP,t000_RESPRR23,RESPRR23.dbc,EXA_TRANSF,C,10,0,String,0,2
RESP,t000_RESPRR23,RESPRR23.dbc,DT_TRANSF,C,9,0,String,1,3
RESP,t000_RESPRR23,RESPRR23.dbc,EXAME_TC,C,8,0,String,0,2
RESP,t000_RESPRR23,RESPRR23.dbc,DT_TC,C,8,0,String,2,2
RESP,t000_RESPRR23,RESPRR23.dbc,EXAME_RS,C,8,0,String,0,1
RESP,t000_RESPRR23,RESPRR23.dbc,DT_RS,C,5,0,String,3,1
RESP,t000_RESPRR23,RESPRR23.dbc,REGIAONOT,C,9,0,String,0,1
RESP,t000_RESPRR23,RESPRR23.dbc,UFNOT,C,5,0,String,0,1
RESP,t000_RESPRR23,RESPRR23.dbc,CODMUNNOT,C,9,0,String,0,1
RESP,t000_RESPRR23,RESPRR23.dbc,ST_OBITO,C,8,0,String,0,2
RESP,t000_RESPRR23,RESPRR23.dbc,DT_OBITO,C,8,0,String,2,2
RESP,t000_RESPRR23,RESPRR23.dbc,CLASSIFIN,C,9,0,String,0,2
RESP,t000_RESPRR23,RESPRR23.dbc,ETIOLOGIA,C,9,0,String,0,2
RESP,t000_RESPRR23,RESPRR23.dbc,CRITERIO,C,8,0,String,0,1
RESP,t000_RESPRR23,RESPRR23.dbc,STATUS_NOT,C,10,0,String,0,1
RESP,t000_RESPRR23,RESPRR23.dbc,DT_ULT_ALT,C,10,0,String,0,2
SIASUS,t000_PARR2301,PARR2301.dbc,PA_CODUNI,C,7,0,String,0,5
SIASUS,t000_PARR2301,PARR2301.dbc,PA_GESTAO,C,6,0,String,0,1
SIASUS,t000_PARR2301,PARR2301.dbc,PA_CONDIC,C,2,0,String,0,1
SIASUS,t000_PARR2301,PARR2301.dbc,PA_UFMUN,C,6,0,String,0,4
SIASUS,t000_PARR2301,PARR2301.dbc,PA_REGCT,C,4,0,String,0,1
SIASUS,t000_PARR2301,PARR2301.dbc,PA_INCOUT,C,4,0,String,0,1
SIASUS,t000_PARR2301,PARR2301.dbc,PA_INCURG,C,4,0,String,0,1
SIASUS,t000_PARR2301,PARR2301.dbc,PA_TPUPS,C,2,0,String,0,3
SIASUS,t000_PARR2301,PARR2301.dbc,PA_TIPPRE,C,2,0,String,0,1
SIASUS,t000_PARR2301,PARR2301.dbc,PA_MN_IND,C,1,0,String,0,1
SIASUS,t000_PARR2301,PARR2301.dbc,PA_CNPJCPF,C,14,0,String,0,1
SIASUS,t000_PARR2301,PARR2301.dbc,PA_CNPJMNT,C,14,0,String,0,1
SIASUS,t000_PARR2301,PARR2301.dbc,PA_CNPJ_CC,C,14,0,String,0,1
SIASUS,t000_PARR2301,PARR2301.dbc,PA_MVM,C,6,0,String,0,1
SIASUS,t000_PARR2301,PARR2301.dbc,PA_CMP,C,6,0,String,0,1
SIASUS,t000_PARR2301,PARR2301.dbc,PA_PROC_ID,C,10,0,String,0,45
SIASUS,t000_PARR2301,PARR2301.dbc,PA_TPFIN,C,2,0,String,0,2
SIASUS,t000_PARR2301,PARR2301.dbc,PA_SUBFIN,C,4,0,String,0,1
SIASUS,t000_PARR2301,PARR2301.dbc,PA_NIVCPL,C,1,0,String,0,2
SIASUS,t000_PARR2301,PARR2301.dbc,PA_DOCORIG,C,1,0,String,0,1
SIASUS,t000_PARR2301,PARR2301.dbc,PA_AUTORIZ,C,13,0,String,0,1
SIASUS,t000_PARR2301,PARR2301.dbc,PA_CNSMED,C,15,0,String,0,1
SIASUS,t000_PARR2301,PARR2301.dbc,PA_CBOCOD,C,6,0,String,0,32
SIASUS,t000_PARR2301,PARR2301.dbc,PA_MOTSAI,C,2,0,String,0,1
SIASUS,t000_PARR2301,PARR2301.dbc,PA_OBITO,C,1,0,String,0,1
SIASUS,t000_PARR2301,PARR2301.dbc,PA_ENCERR,C,1,0,String,0,1
SIASUS,t000_PARR2301,PARR2301.dbc,PA_PERMAN,C,1,0,String,0,1
SIASUS,t000_PARR2301,PARR2301.dbc,PA_ALTA,C,1,0,String,0,1
SIASUS,t000_PARR2301,PARR2301.dbc,PA_TRANSF,C,1,0,String,0,1
SIASUS,t000_PARR2301,PARR2301.dbc,PA_CIDPRI,C,4,0,String,0,1
SIASUS,t000_PARR2301,PARR2301.dbc,PA_CIDSEC,C,4,0,String,0,1
SIASUS,t000_PARR2301,PARR2301.dbc,PA_CIDCAS,C,4,0,String,0,1
SIASUS,t000_PARR2301,PARR2301.dbc,PA_CATEND,C,2,0,String,0,1
SIASUS,t000_PARR2301,PARR2301.dbc,PA_IDADE,C,3,0,String,0,24
SIASUS,t000_PARR2301,PARR2301.dbc,IDADEMIN,C,3,0,String,0,2
SIASUS,t000_PARR2301,PARR2301.dbc,IDADEMAX,C,3,0,String,0,2
SIASUS,t000_PARR2301,PARR2301.dbc,PA_FLIDADE,C,1,0,String,0,2
SIASUS,t000_PARR2301,PARR2301.dbc,PA_SEXO,C,1,0,String,0,1
SIASUS,t000_PARR2301,PARR2301.dbc,PA_RACACOR,C,2,0,String,0,1
SIASUS,t000_PARR2301,PARR2301.dbc,PA_MUNPCN,C,6,0,String,0,1
SIASUS,t000_PARR2301,PARR2301.dbc,PA_QTDPRO,N,11,0,String,0,74
SIASUS,t000_PARR2301,PARR2301.dbc,PA_QTDAPR,N,11,0,String,0,74
SIASUS,t000_PARR2301,PARR2301.dbc,PA_VALPRO,N,20,2,String,0,106
SIASUS,t000_PARR2301,PARR2301.dbc,PA_VALAPR,N,20,2,String,0,106
SIASUS,t000_PARR2301,PARR2301.dbc,PA_UFDIF,C,1,0,String,0,1
SIASUS,t000_PARR2301,PARR2301.dbc,PA_MNDIF,C,1,0,String,0,1
SIASUS,t000_PARR2301,PARR2301.dbc,PA_DIF_VAL,N,20,2,String,0,1
SIASUS,t000_PARR2301,PARR2301.dbc,NU_VPA_TOT,N,20,2,String,0,1
SIASUS,t000_PARR2301,PARR2301.dbc,NU_PA_TOT,N,20,2,String,0,22
SIASUS,t000_PARR2301,PARR2301.dbc,PA_INDICA,C,1,0,String,0,1
SIASUS,t000_PARR2301,PARR2301.dbc,PA_CODOCO,C,1,0,String,0,1
SIASUS,t000_PARR2301,PARR2301.dbc,PA_FLQT,C,1,0,String,0,1
SIASUS,t000_PARR2301,PARR2301.dbc,PA_FLER,C,1,0,String,0,1
SIASUS,t000_PARR2301,PARR2301.dbc,PA_ETNIA,C,4,0,String,200,1
SIASUS,t000_PARR2301,PARR2301.dbc,PA_VL_CF,N,20,2,String,0,1
SIASUS,t000_PARR2301,PARR2301.dbc,PA_VL_CL,N,20,2,String,0,1
SIASUS,t000_PARR2301,PARR2301.dbc,PA_VL_INC,N,20,2,String,0,1
SIASUS,t000_PARR2301,PARR2301.dbc,PA_SRV_C,C,6,0,String,200,1
SIASUS,t000_PARR2301,PARR2301.dbc,PA_INE,C,10,0,String,200,1
SIASUS,t000_PARR2301,PARR2301.dbc,PA_NAT_JUR,C,4,0,String,0,1
SIHSUS,t000_RDRR2301,RDRR2301.dbc,UF_ZI,C,6,0,String,0,1
SIHSUS,t000_RDRR2301,RDRR2301.dbc,ANO_CMPT,C,4,0,String,0,1
SIHSUS,t000_RDRR2301,RDRR2301.dbc,MES_CMPT,C,2,0,String,0,1
SIHSUS,t000_RDRR2301,RDRR2301.dbc,ESPEC,C,2,0,String,0,4
SIHSUS,t000_RDRR2301,RDRR2301.dbc,CGC_HOSP,C,14,0,String,173,2
SIHSUS,t000_RDRR2301,RDRR2301.dbc,N_AIH,C,13,0,String,0,200
SIHSUS,t000_RDRR2301,RDRR2301.dbc,IDENT,C,1,0,String,0,1
SIHSUS,t000_RDRR2301,RDRR2301.dbc,CEP,C,8,0,String,0,91
SIHSUS,t000_RDRR2301,RDRR2301.dbc,MUNIC_RES,C,6,0,String,0,14
SIHSUS,t000_RDRR2301,RDRR2301.dbc,NASC,C,8,0,String,0,193
SIHSUS,t000_RDRR2301,RDRR2301.dbc,SEXO,C,1,0,String,0,2
SIHSUS,t000_RDRR2301,RDRR2301.dbc,UTI_MES_IN,N,2,0,String,0,1
SIHSUS,t000_RDRR2301,RDRR2301.dbc,UTI_MES_AN,N,2,0,String,0,1
SIHSUS,t000_RDRR2301,RDRR2301.dbc,UTI_MES_AL,N,2,0,String,0,1
SIHSUS,t000_RDRR2301,RDRR2301.dbc,UTI_MES_TO,N,3,0,String,0,12
SIHSUS,t000_RDRR2301,RDRR2301.dbc,MARCA_UTI,C,2,0,String,0,3
SIHSUS,t000_RDRR2301,RDRR2301.dbc,UTI_INT_IN,N,2,0,String,0,1
SIHSUS,t000_RDRR2301,RDRR2301.dbc,UTI_INT_AN,N,2,0,String,0,1
SIHSUS,t000_RDRR2301,RDRR2301.dbc,UTI_INT_AL,N,2,0,String,0,1
SIHSUS,t000_RDRR2301,RDRR2301.dbc,UTI_INT_TO,N,3,0,String,0,2
SIHSUS,t000_RDRR2301,RDRR2301.dbc,DIAR_ACOM,N,3,0,String,0,34
SIHSUS,t000_RDRR2301,RDRR2301.dbc,QT_DIARIAS,N,3,0,String,0,34
SIHSUS,t000_RDRR2301,RDRR2301.dbc,PROC_SOLIC,C,10,0,String,0,72
SIHSUS,t000_RDRR2301,RDRR2301.dbc,PROC_REA,C,10,0,String,0,72
SIHSUS,t000_RDRR2301,RDRR2301.dbc,VAL_SH,N,13,2,String,0,165
SIHSUS,t000_RDRR2301,RDRR2301.dbc,VAL_SP,N,13,2,String,0,116
SIHSUS,t000_RDRR2301,RDRR2301.dbc,VAL_SADT,N,13,2,String,0,1
SIHSUS,t000_RDRR2301,RDRR2301.dbc,VAL_RN,N,13,2,String,0,1
SIHSUS,t000_RDRR2301,RDRR2301.dbc,VAL_ACOMP,N,13,2,String,0,1
SIHSUS,t000_RDRR2301,RDRR2301.dbc,VAL_ORTP,N,13,2,String,0,1
SIHSUS,t000_RDRR2301,RDRR2301.dbc,VAL_SANGUE,N,13,2,String,0,1
SIHSUS,t000_RDRR2301,RDRR2301.dbc,VAL_SADTSR,N,11,2,String,0,1
SIHSUS,t000_RDRR2301,RDRR2301.dbc,VAL_TRANSP,N,13,2,String,0,1
SIHSUS,t000_RDRR2301,RDRR2301.dbc,VAL_OBSANG,N,11,2,String,0,1
SIHSUS,t000_RDRR2301,RDRR2301.dbc,VAL_PED1AC,N,11,2,String,0,1
SIHSUS,t000_RDRR2301,RDRR2301.dbc,VAL_TOT,N,14,2,String,0,167
SIHSUS,t000_RDRR2301,RDRR2301.dbc,VAL_UTI,N,8,2,String,0,13
SIHSUS,t000_RDRR2301,RDRR2301.dbc,US_TOT,N,10,2,String,0,167
SIHSUS,t000_RDRR2301,RDRR2301.dbc,DT_INTER,C,8,0,String,0,97
SIHSUS,t000_RDRR2301,RDRR2301.dbc,DT_SAIDA,C,8,0,String,0,86
SIHSUS,t000_RDRR2301,RDRR2301.dbc,DIAG_PRINC,C,4,0,String,0,102
SIHSUS,t000_RDRR2301,RDRR2301.dbc,DIAG_SECUN,C,4,0,String,0,1
SIHSUS,t000_RDRR2301,RDRR2301.dbc,COBRANCA,C,2,0,String,0,12
SIHSUS,t000_RDRR2301,RDRR2301.dbc,NATUREZA,C,2,0,String,0,1
SIHSUS,t000_RDRR2301,RDRR2301.dbc,NAT_JUR,C,4,0,String,0,2
SIHSUS,t000_RDRR2301,RDRR2301.dbc,GESTAO,C,1,0,String,0,1
SIHSUS,t000_RDRR2301,RDRR2301.dbc,RUBRICA,N,5,0,String,0,1
SIHSUS,t000_RDRR2301,RDRR2301.dbc,IND_VDRL,C,1,0,String,0,2
SIHSUS,t000_RDRR2301,RDRR2301.dbc,MUNIC_MOV,C,6,0,String,0,3
SIHSUS,t000_RDRR2301,RDRR2301.dbc,COD_IDADE,C,1,0,String,0,3
SIHSUS,t000_RDRR2301,RDRR2301.dbc,IDADE,N,2,0,String,0,70
SIHSUS,t000_RDRR2301,RDRR2301.dbc,DIAS_PERM,N,5,0,String,0,37
SIHSUS,t000_RDRR2301,RDRR2301.dbc,MORTE,N,1,0,String,0,2
SIHSUS,t000_RDRR2301,RDRR2301.dbc,NACIONAL,C,3,0,String,0,3
SIHSUS,t000_RDRR2301,RDRR2301.dbc,NUM_PROC,C,4,0,String,200,1
SIHSUS,t000_RDRR2301,RDRR2301.dbc,CAR_INT,C,2,0,String,0,2
SIHSUS,t000_RDRR2301,RDRR2301.dbc,TOT_PT_SP,N,6,0,String,0,1
SIHSUS,t000_RDRR2301,RDRR2301.dbc,CPF_AUT,C,11,0,String,200,1
SIHSUS,t000_RDRR2301,RDRR2301.dbc,HOMONIMO,C,1,0,String,0,2
SIHSUS,t000_RDRR2301,RDRR2301.dbc,NUM_FILHOS,N,2,0,String,0,3
SIHSUS,t000_RDRR2301,RDRR2301.dbc,INSTRU,C,1,0,String,0,2
SIHSUS,t000_RDRR2301,RDRR2301.dbc,CID_NOTIF,C,4,0,String,198,2
SIHSUS,t000_RDRR2301,RDRR2301.dbc,CONTRACEP1,C,2,0,String,0,3
SIHSUS,t000_RDRR2301,RDRR2301.dbc,CONTRACEP2,C,2,0,String,0,3
SIHSUS,t000_RDRR2301,RDRR2301.dbc,GESTRISCO,C,1,0,String,0,1
SIHSUS,t000_RDRR2301,RDRR2301.dbc,INSC_PN,C,12,0,String,0,1
SIHSUS,t000_RDRR2301,RDRR2301.dbc,SEQ_AIH5,C,3,0,String,0,1
SIHSUS,t000_RDRR2301,RDRR2301.dbc,CBOR,C,6,0,String,0,1
SIHSUS,t000_RDRR2301,RDRR2301.dbc,CNAER,C,3,0,String,0,1
SIHSUS,t000_RDRR2301,RDRR2301.dbc,VINCPREV,C,1,0,String,0,1
SIHSUS,t000_RDRR2301,RDRR2301.dbc,GESTOR_COD,C,5,0,String,0,5
SIHSUS,t000_RDRR2301,RDRR2301.dbc,GESTOR_TP,C,1,0,String,0,2
SIHSUS,t000_RDRR2301,RDRR2301.dbc,GESTOR_CPF,C,15,0,String,0,2
SIHSUS,t000_RDRR2301,RDRR2301.dbc,GESTOR_DT,C,8,0,String,200,1
SIHSUS,t000_RDRR2301,RDRR2301.dbc,CNES,C,7,0,String,0,6
SIHSUS,t000_RDRR2301,RDRR2301.dbc,CNPJ_MANT,C,14,0,String,27,2
SIHSUS,t000_RDRR2301,RDRR2301.dbc,INFEHOSP,C,1,0,String,200,1
SIHSUS,t000_RDRR2301,RDRR2301.dbc,CID_ASSO,C,4,0,String,0,1
SIHSUS,t000_RDRR2301,RDRR2301.dbc,CID_MORTE,C,4,0,String,0,1
SIHSUS,t000_RDRR2301,RDRR2301.dbc,COMPLEX,C,2,0,String,0,2
SIHSUS,t000_RDRR2301,RDRR2301.dbc,FINANC,C,2,0,String,0,1
SIHSUS,t000_RDRR2301,RDRR2301.dbc,FAEC_TP,C,6,0,String,200,1
SIHSUS,t000_RDRR2301,RDRR2301.dbc,REGCT,C,4,0,String,0,1
SIHSUS,t000_RDRR2301,RDRR2301.dbc,RACA_COR,C,2,0,String,0,5
SIHSUS,t000_RDRR2301,RDRR2301.dbc,ETNIA,C,4,0,String,0,6
SIHSUS,t000_RDRR2301,RDRR2301.dbc,SEQUENCIA,N,9,0,String,0,200
SIHSUS,t000_RDRR2301,RDRR2301.dbc,REMESSA,C,21,0,String,0,1
SIHSUS,t000_RDRR2301,RDRR2301.dbc,AUD_JUST,C,50,0,String,193,2
SIHSUS,t000_RDRR2301,RDRR2301.dbc,SIS_JUST,C,50,0,String,193,6
SIHSUS,t000_RDRR2301,RDRR2301.dbc,VAL_SH_FED,N,10,2,String,0,1
SIHSUS,t000_RDRR2301,RDRR2301.dbc,VAL_SP_FED,N,10,2,String,0,1
SIHSUS,t000_RDRR2301,RDRR2301.dbc,VAL_SH_GES,N,10,2,String,0,1
SIHSUS,t000_RDRR2301,RDRR2301.dbc,VAL_SP_GES,N,10,2,String,0,1
SIHSUS,t000_RDRR2301,RDRR2301.dbc,VAL_UCI,N,10,2,String,0,2
SIHSUS,t000_RDRR2301,RDRR2301.dbc,MARCA_UCI,C,2,0,String,0,2
SIHSUS,t000_RDRR2301,RDRR2301.dbc,DIAGSEC1,C,4,0,String,172,25
SIHSUS,t000_RDRR2301,RDRR2301.dbc,DIAGSEC2,C,4,0,String,200,1
SIHSUS,t000_RDRR2301,RDRR2301.dbc,DIAGSEC3,C,4,0,String,200,1
SIHSUS,t000_RDRR2301,RDRR2301.dbc,DIAGSEC4,C,4,0,String,200,1
SIHSUS,t000_RDRR2301,RDRR2301.dbc,DIAGSEC5,C,4,0,String,200,1
SIHSUS,t000_RDRR2301,RDRR2301.dbc,DIAGSEC6,C,4,0,String,200,1
SIHSUS,t000_RDRR2301,RDRR2301.dbc,DIAGSEC7,C,4,0,String,200,1
SIHSUS,t000_RDRR2301,RDRR2301.dbc,DIAGSEC8,C,4,0,String,200,1
SIHSUS,t000_RDRR2301,RDRR2301.dbc,DIAGSEC9,C,1,0,String,200,1
SIHSUS,t000_RDRR2301,RDRR2301.dbc,TPDISEC1,C,1,0,String,0,2
SIHSUS,t000_RDRR2301,RDRR2301.dbc,TPDISEC2,C,1,0,String,0,1
SIHSUS,t000_RDRR2301,RDRR2301.dbc,TPDISEC3,C,1,0,String,0,1
SIHSUS,t000_RDRR2301,RDRR2301.dbc,TPDISEC4,C,1,0,String,0,1
SIHSUS,t000_RDRR2301,RDRR2301.dbc,TPDISEC5,C,1,0,String,0,1
SIHSUS,t000_RDRR2301,RDRR2301.dbc,TPDISEC6,C,1,0,String,0,1
SIHSUS,t000_RDRR2301,RDRR2301.dbc,TPDISEC7,C,1,0,String,0,1
SIHSUS,t000_RDRR2301,RDRR2301.dbc,TPDISEC8,C,1,0,String,0,1
SIHSUS,t000_RDRR2301,RDRR2301.dbc,TPDISEC9,C,1,0,String,0,1
SIM,t000_DORR2023,DORR2023.dbc,ORIGEM,C,1,0,String,0,1
SIM,t000_DORR2023,DORR2023.dbc,TIPOBITO,C,1,0,String,0,1
SIM,t000_DORR2023,DORR2023.dbc,DTOBITO,C,8,0,String,0,23
SIM,t000_DORR2023,DORR2023.dbc,HORAOBITO,C,5,0,String,15,143
SIM,t000_DORR2023,DORR2023.dbc,NATURAL,C,3,0,String,3,25
SIM,t000_DORR2023,DORR2023.dbc,CODMUNNATU,C,7,0,String,27,79
SIM,t000_DORR2023,DORR2023.dbc,DTNASC,C,8,0,String,3,196
SIM,t000_DORR2023,DORR2023.dbc,IDADE,C,3,0,String,0,99
SIM,t000_DORR2023,DORR2023.dbc,SEXO,C,1,0,String,0,3
SIM,t000_DORR2023,DORR2023.dbc,RACACOR,C,1,0,String,6,5
SIM,t000_DORR2023,DORR2023.dbc,ESTCIV,C,1,0,String,28,7
SIM,t000_DORR2023,DORR2023.dbc,ESC,C,1,0,String,25,7
SIM,t000_DORR2023,DORR2023.dbc,ESC2010,C,1,0,String,26,8
SIM,t000_DORR2023,DORR2023.dbc,SERIESCFAL,C,1,0,String,114,8
SIM,t000_DORR2023,DORR2023.dbc,OCUP,C,6,0,String,37,50
SIM,t000_DORR2023,DORR2023.dbc,CODMUNRES,C,7,0,String,0,14
SIM,t000_DORR2023,DORR2023.dbc,LOCOCOR,C,1,0,String,0,5
SIM,t000_DORR2023,DORR2023.dbc,CODESTAB,C,8,0,String,88,16
SIM,t000_DORR2023,DORR2023.dbc,ESTABDESCR,C,40,0,String,200,1
SIM,t000_DORR2023,DORR2023.dbc,CODMUNOCOR,C,7,0,String,0,15
SIM,t000_DORR2023,DORR2023.dbc,IDADEMAE,C,2,0,String,181,14
SIM,t000_DORR2023,DORR2023.dbc,ESCMAE,C,1,0,String,181,6
SIM,t000_DORR2023,DORR2023.dbc,ESCMAE2010,C,1,0,String,181,7
SIM,t000_DORR2023,DORR2023.dbc,SERIESCMAE,C,1,0,String,187,4
SIM,t000_DORR2023,DORR2023.dbc,OCUPMAE,C,6,0,String,182,8
SIM,t000_DORR2023,DORR2023.dbc,QTDFILVIVO,C,2,0,String,181,7
SIM,t000_DORR2023,DORR2023.dbc,QTDFILMORT,C,2,0,String,181,5
SIM,t000_DORR2023,DORR2023.dbc,GRAVIDEZ,C,1,0,String,181,2
SIM,t000_DORR2023,DORR2023.dbc,SEMAGESTAC,C,3,0,String,181,17
SIM,t000_DORR2023,DORR2023.dbc,GESTACAO,C,1,0,String,181,7
SIM,t000_DORR2023,DORR2023.dbc,PARTO,C,1,0,String,181,3
SIM,t000_DORR2023,DORR2023.dbc,OBITOPARTO,C,1,0,String,181,2
SIM,t000_DORR2023,DORR2023.dbc,PESO,C,4,0,String,181,20
SIM,t000_DORR2023,DORR2023.dbc,TPMORTEOCO,C,1,0,String,179,4
SIM,t000_DORR2023,DORR2023.dbc,OBITOGRAV,C,1,0,String,179,3
SIM,t000_DORR2023,DORR2023.dbc,OBITOPUERP,C,1,0,String,179,4
SIM,t000_DORR2023,DORR2023.dbc,ASSISTMED,C,1,0,String,28,4
SIM,t000_DORR2023,DORR2023.dbc,EXAME,C,1,0,String,200,1
SIM,t000_DORR2023,DORR2023.dbc,CIRURGIA,C,1,0,String,200,1
SIM,t000_DORR2023,DORR2023.dbc,NECROPSIA,C,1,0,String,27,4
SIM,t000_DORR2023,DORR2023.dbc,LINHAA,C,20,0,String,16,66
SIM,t000_DORR2023,DORR2023.dbc,LINHAB,C,20,0,String,50,93
SIM,t000_DORR2023,DORR2023.dbc,LINHAC,C,20,0,String,92,81
SIM,t000_DORR2023,DORR2023.dbc,LINHAD,C,20,0,String,147,48
SIM,t000_DORR2023,DORR2023.dbc,LINHAII,C,30,0,String,122,53
SIM,t000_DORR2023,DORR2023.dbc,CAUSABAS,C,4,0,String,0,130
SIM,t000_DORR2023,DORR2023.dbc,CB_PRE,C,4,0,String,200,1
SIM,t000_DORR2023,DORR2023.dbc,COMUNSVOIM,C,7,0,String,158,3
SIM,t000_DORR2023,DORR2023.dbc,DTATESTADO,C,8,0,String,0,41
SIM,t000_DORR2023,DORR2023.dbc,CIRCOBITO,C,1,0,String,153,5
SIM,t000_DORR2023,DORR2023.dbc,ACIDTRAB,C,1,0,String,176,4
SIM,t000_DORR2023,DORR2023.dbc,FONTE,C,1,0,String,160,6
SIM,t000_DORR2023,DORR2023.dbc,NUMEROLOTE,C,8,0,String,0,47
SIM,t000_DORR2023,DORR2023.dbc,TPPOS,C,1,0,String,28,3
SIM,t000_DORR2023,DORR2023.dbc,DTINVESTIG,C,8,0,String,178,14
SIM,t000_DORR2023,DORR2023.dbc,CAUSABAS_O,C,4,0,String,0,127
SIM,t000_DORR2023,DORR2023.dbc,DTCADASTRO,C,8,0,String,0,52
SIM,t000_DORR2023,DORR2023.dbc,ATESTANTE,C,1,0,String,8,5
SIM,t000_DORR2023,DORR2023.dbc,STCODIFICA,C,1,0,String,0,1
SIM,t000_DORR2023,DORR2023.dbc,CODIFICADO,C,1,0,String,0,1
SIM,t000_DORR2023,DORR2023.dbc,VERSAOSIST,C,7,0,String,0,1
SIM,t000_DORR2023,DORR2023.dbc,VERSAOSCB,C,7,0,String,0,1
SIM,t000_DORR2023,DORR2023.dbc,FONTEINV,C,8,0,String,178,4
SIM,t000_DORR2023,DORR2023.dbc,DTRECEBIM,C,8,0,String,0,52
SIM,t000_DORR2023,DORR2023.dbc,ATESTADO,C,50,0,String,0,192
SIM,t000_DORR2023,DORR2023.dbc,DTRECORIGA,C,8,0,String,0,46
SIM,t000_DORR2023,DORR2023.dbc,CAUSAMAT,C,4,0,String,200,1
SIM,t000_DORR2023,DORR2023.dbc,ESCMAEAGR1,C,2,0,String,181,7
SIM,t000_DORR2023,DORR2023.dbc,ESCFALAGR1,C,2,0,String,26,13
SIM,t000_DORR2023,DORR2023.dbc,STDOEPIDEM,C,1,0,String,0,1
SIM,t000_DORR2023,DORR2023.dbc,STDONOVA,C,1,0,String,0,1
SIM,t000_DORR2023,DORR2023.dbc,DIFDATA,C,8,0,String,0,94
SIM,t000_DORR2023,DORR2023.dbc,NUDIASOBCO,C,4,0,String,183,17
SIM,t000_DORR2023,DORR2023.dbc,NUDIASOBIN,C,4,0,String,200,1
SIM,t000_DORR2023,DORR2023.dbc,DTCADINV,C,8,0,String,183,15
SIM,t000_DORR2023,DORR2023.dbc,TPOBITOCOR,C,1,0,String,183,5
SIM,t000_DORR2023,DORR2023.dbc,DTCONINV,C,8,0,String,183,15
SIM,t000_DORR2023,DORR2023.dbc,FONTES,C,6,0,String,175,10
SIM,t000_DORR2023,DORR2023.dbc,TPRESGINFO,C,2,0,String,198,2
SIM,t000_DORR2023,DORR2023.dbc,TPNIVELINV,C,1,0,String,183,3
SIM,t000_DORR2023,DORR2023.dbc,NUDIASINF,C,4,0,String,200,1
SIM,t000_DORR2023,DORR2023.dbc,DTCADINF,C,8,0,String,175,14
SIM,t000_DORR2023,DORR2023.dbc,MORTEPARTO,C,1,0,String,175,3
SIM,t000_DORR2023,DORR2023.dbc,DTCONCASO,C,8,0,String,178,12
SIM,t000_DORR2023,DORR2023.dbc,FONTESINF,C,7,0,String,200,1
SIM,t000_DORR2023,DORR2023.dbc,ALTCAUSA,C,1,0,String,178,2
SIM,t000_DORR2023,DORR2023.dbc,CONTADOR,C,8,0,String,0,200
SINAN,t000_CHAGBR23,CHAGBR23.dbc,TP_NOT,C,1,0,String,0,1
SINAN,t000_CHAGBR23,CHAGBR23.dbc,ID_AGRAVO,C,4,0,String,0,1
SINAN,t000_CHAGBR23,CHAGBR23.dbc,DT_NOTIFIC,D,8,0,String,0,122
SINAN,t000_CHAGBR23,CHAGBR23.dbc,SEM_NOT,C,6,0,String,0,48
SINAN,t000_CHAGBR23,CHAGBR23.dbc,NU_ANO,C,4,0,String,0,1
SINAN,t000_CHAGBR23,CHAGBR23.dbc,SG_UF_NOT,C,2,0,String,0,14
SINAN,t000_CHAGBR23,CHAGBR23.dbc,ID_MUNICIP,C,6,0,String,0,51
SINAN,t000_CHAGBR23,CHAGBR23.dbc,ID_REGIONA,C,8,0,String,25,25
SINAN,t000_CHAGBR23,CHAGBR23.dbc,ID_UNIDADE,C,7,0,String,0,78
SINAN,t000_CHAGBR23,CHAGBR23.dbc,DT_SIN_PRI,D,8,0,String,0,139
SINAN,t000_CHAGBR23,CHAGBR23.dbc,SEM_PRI,C,6,0,String,0,54
SINAN,t000_CHAGBR23,CHAGBR23.dbc,ANO_NASC,C,4,0,String,0,75
SINAN,t000_CHAGBR23,CHAGBR23.dbc,NU_IDADE_N,N,4,0,String,0,74
SINAN,t000_CHAGBR23,CHAGBR23.dbc,CS_SEXO,C,1,0,String,0,2
SINAN,t000_CHAGBR23,CHAGBR23.dbc,CS_GESTANT,C,1,0,String,0,3
SINAN,t000_CHAGBR23,CHAGBR23.dbc,CS_RACA,C,1,0,String,1,7
SINAN,t000_CHAGBR23,CHAGBR23.dbc,CS_ESCOL_N,C,2,0,String,17,12
SINAN,t000_CHAGBR23,CHAGBR23.dbc,SG_UF,C,2,0,String,0,15
SINAN,t000_CHAGBR23,CHAGBR23.dbc,ID_MN_RESI,C,6,0,String,0,54
SINAN,t000_CHAGBR23,CHAGBR23.dbc,ID_RG_RESI,C,8,0,String,23,28
SINAN,t000_CHAGBR23,CHAGBR23.dbc,ID_PAIS,C,4,0,String,0,1
SINAN,t000_CHAGBR23,CHAGBR23.dbc,NDUPLIC_N,C,1,0,String,200,1
SINAN,t000_CHAGBR23,CHAGBR23.dbc,DT_INVEST,D,8,0,String,0,120
SINAN,t000_CHAGBR23,CHAGBR23.dbc,ID_OCUPA_N,C,6,0,String,92,28
SINAN,t000_CHAGBR23,CHAGBR23.dbc,ANT_UF_1,C,2,0,String,186,6
SINAN,t000_CHAGBR23,CHAGBR23.dbc,MUN_1,C,6,0,String,186,12
SINAN,t000_CHAGBR23,CHAGBR23.dbc,ANT_UF_2,C,2,0,String,199,2
SINAN,t000_CHAGBR23,CHAGBR23.dbc,MUN_2,C,6,0,String,199,2
SINAN,t000_CHAGBR23,CHAGBR23.dbc,ANT_UF_3,C,2,0,String,200,1
SINAN,t000_CHAGBR23,CHAGBR23.dbc,MUN_3,C,6,0,String,200,1
SINAN,t000_CHAGBR23,CHAGBR23.dbc,PRESENCA,C,1,0,String,1,5
SINAN,t000_CHAGBR23,CHAGBR23.dbc,PARASITO,D,8,0,String,181,16
SINAN,t000_CHAGBR23,CHAGBR23.dbc,HISTORIA,C,1,0,String,1,4
SINAN,t000_CHAGBR23,CHAGBR23.dbc,CONTROLE,C,1,0,String,12,4
SINAN,t000_CHAGBR23,CHAGBR23.dbc,MANIPULA,C,1,0,String,9,5
SINAN,t000_CHAGBR23,CHAGBR23.dbc,MAECHAGA,C,1,0,String,7,4
SINAN,t000_CHAGBR23,CHAGBR23.dbc,ORAL,C,1,0,String,7,4
SINAN,t000_CHAGBR23,CHAGBR23.dbc,ASSINTOMA,C,1,0,String,5,4
SINAN,t000_CHAGBR23,CHAGBR23.dbc,EDEMA,C,1,0,String,16,4
SINAN,t000_CHAGBR23,CHAGBR23.dbc,MENINGOE,C,1,0,String,19,4
SINAN,t000_CHAGBR23,CHAGBR23.dbc,POLIADENO,C,1,0,String,20,4
SINAN,t000_CHAGBR23,CHAGBR23.dbc,FEBRE,C,1,0,String,17,4
SINAN,t000_CHAGBR23,CHAGBR23.dbc,HEPATOME,C,1,0,String,19,4
SINAN,t000_CHAGBR23,CHAGBR23.dbc,SINAIS_ICC,C,1,0,String,20,4
SINAN,t000_CHAGBR23,CHAGBR23.dbc,ARRITMIAS,C,1,0,String,21,4
SINAN,t000_CHAGBR23,CHAGBR23.dbc,ASTENIA,C,1,0,String,16,4
SINAN,t000_CHAGBR23,CHAGBR23.dbc,ESPLENOM,C,1,0,String,20,4
SINAN,t000_CHAGBR23,CHAGBR23.dbc,CHAGOMA,C,1,0,String,20,4
SINAN,t000_CHAGBR23,CHAGBR23.dbc,OUTRO_SIN,C,1,0,String,200,1
SINAN,t000_CHAGBR23,CHAGBR23.dbc,OUTRO_ESP,C,30,0,String,200,1
SINAN,t000_CHAGBR23,CHAGBR23.dbc,DT_COL_DIR,D,8,0,String,40,89
SINAN,t000_CHAGBR23,CHAGBR23.dbc,EXAME,C,1,0,String,28,4
SINAN,t000_CHAGBR23,CHAGBR23.dbc,MICRO_HEMA,C,1,0,String,44,4
SINAN,t000_CHAGBR23,CHAGBR23.dbc,OUTRO,C,1,0,String,54,4
SINAN,t000_CHAGBR23,CHAGBR23.dbc,DT_COL_IND,D,8,0,String,184,15
SINAN,t000_CHAGBR23,CHAGBR23.dbc,XENODIAG,C,1,0,String,141,3
SINAN,t000_CHAGBR23,CHAGBR23.dbc,HEMOCULT,C,1,0,String,140,4
SINAN,t000_CHAGBR23,CHAGBR23.dbc,DT_COL_S1,D,8,0,String,116,67
SINAN,t000_CHAGBR23,CHAGBR23.dbc,DT_COL_S2,D,8,0,String,195,6
SINAN,t000_CHAGBR23,CHAGBR23.dbc,ELI_IGM_S1,C,1,0,String,146,4
SINAN,t000_CHAGBR23,CHAGBR23.dbc,ELI_IGG_S1,C,1,0,String,139,5
SINAN,t000_CHAGBR23,CHAGBR23.dbc,ELI_IGM_S2,C,1,0,String,175,3
SINAN,t000_CHAGBR23,CHAGBR23.dbc,ELI_IGG_S2,C,1,0,String,173,4
SINAN,t000_CHAGBR23,CHAGBR23.dbc,HEM_IGM_S1,C,1,0,String,148,3
SINAN,t000_CHAGBR23,CHAGBR23.dbc,HEM_IGG_S1,C,1,0,String,143,4
SINAN,t000_CHAGBR23,CHAGBR23.dbc,HEM_IGM_S2,C,1,0,String,174,3
SINAN,t000_CHAGBR23,CHAGBR23.dbc,HEM_IGG_S2,C,1,0,String,175,3
SINAN,t000_CHAGBR23,CHAGBR23.dbc,IMU_IGM_S1,C,1,0,String,149,5
SINAN,t000_CHAGBR23,CHAGBR23.dbc,TIT_IGM_S1,C,5,0,String,185,7
SINAN,t000_CHAGBR23,CHAGBR23.dbc,IMU_IGM_S2,C,1,0,String,176,3
SINAN,t000_CHAGBR23,CHAGBR23.dbc,TIT_IGM_S2,C,5,0,String,197,2
SINAN,t000_CHAGBR23,CHAGBR23.dbc,IMU_IGG_S1,C,1,0,String,154,5
SINAN,t000_CHAGBR23,CHAGBR23.dbc,TIT_IGG_S1,C,5,0,String,191,5
SINAN,t000_CHAGBR23,CHAGBR23.dbc,IMU_IGG_S2,C,1,0,String,178,3
SINAN,t000_CHAGBR23,CHAGBR23.dbc,TIT_IGG_S2,C,5,0,String,198,3
SINAN,t000_CHAGBR23,CHAGBR23.dbc,RESUL_HIS,D,8,0,String,199,2
SINAN,t000_CHAGBR23,CHAGBR23.dbc,RES_HIST,C,1,0,String,152,5
SINAN,t000_CHAGBR23,CHAGBR23.dbc,ESPECIFICO,C,1,0,String,46,4
SINAN,t000_CHAGBR23,CHAGBR23.dbc,SINTOMATIC,C,1,0,String,52,4
SINAN,t000_CHAGBR23,CHAGBR23.dbc,DROGA,C,1,0,String,84,3
SINAN,t000_CHAGBR23,CHAGBR23.dbc,TEMPO,N,3,0,String,92,4
SINAN,t000_CHAGBR23,CHAGBR23.dbc,CON_TRIAT,C,1,0,String,54,5
SINAN,t000_CHAGBR23,CHAGBR23.dbc,BIOSSEG,C,1,0,String,60,5
SINAN,t000_CHAGBR23,CHAGBR23.dbc,FISCALIZA,C,1,0,String,58,5
SINAN,t000_CHAGBR23,CHAGBR23.dbc,MED_OUTRO,C,1,0,String,61,5
SINAN,t000_CHAGBR23,CHAGBR23.dbc,OUTRO_DES,C,30,0,String,127,25
SINAN,t000_CHAGBR23,CHAGBR23.dbc,CLASSI_FIN,C,1,0,String,0,2
SINAN,t000_CHAGBR23,CHAGBR23.dbc,CRITERIO,C,1,0,String,5,4
SINAN,t000_CHAGBR23,CHAGBR23.dbc,EVOLUCAO,C,1,0,String,4,4
SINAN,t000_CHAGBR23,CHAGBR23.dbc,DT_OBITO,D,8,0,String,124,72
SINAN,t000_CHAGBR23,CHAGBR23.dbc,CON_PROVAV,C,1,0,String,64,4
SINAN,t000_CHAGBR23,CHAGBR23.dbc,CON_OUTRA,C,30,0,String,200,1
SINAN,t000_CHAGBR23,CHAGBR23.dbc,CON_LOCAL,C,1,0,String,66,5
SINAN,t000_CHAGBR23,CHAGBR23.dbc,TPAUTOCTO,C,1,0,String,64,4
SINAN,t000_CHAGBR23,CHAGBR23.dbc,COUFINF,C,2,0,String,65,8
SINAN,t000_CHAGBR23,CHAGBR23.dbc,COPAISINF,C,4,0,String,0,2
SINAN,t000_CHAGBR23,CHAGBR23.dbc,COMUNINF,C,6,0,String,65,30
SINAN,t000_CHAGBR23,CHAGBR23.dbc,DOENCA_TRA,C,1,0,String,90,3
SINAN,t000_CHAGBR23,CHAGBR23.dbc,DT_ENCERRA,D,8,0,String,0,107
SINAN,t000_CHAGBR23,CHAGBR23.dbc,DT_DIGITA,D,8,0,String,0,108
SINAN,t000_CHAGBR23,CHAGBR23.dbc,DT_TRANSUS,D,8,0,String,181,20
SINAN,t000_CHAGBR23,CHAGBR23.dbc,DT_TRANSDM,D,8,0,String,199,2
SINAN,t000_CHAGBR23,CHAGBR23.dbc,DT_TRANSSM,D,8,0,String,111,61
SINAN,t000_CHAGBR23,CHAGBR23.dbc,DT_TRANSRM,D,8,0,String,200,1
SINAN,t000_CHAGBR23,CHAGBR23.dbc,DT_TRANSRS,D,8,0,String,195,6
SINAN,t000_CHAGBR23,CHAGBR23.dbc,DT_TRANSSE,D,8,0,String,198,3
SINAN,t000_CHAGBR23,CHAGBR23.dbc,NU_LOTE_V,C,7,0,String,200,1
SINAN,t000_CHAGBR23,CHAGBR23.dbc,NU_LOTE_H,C,7,0,String,200,1
SINASC,t000_DNRR2023,DNRR2023.dbc,ORIGEM,C,1,0,String,0,1
SINASC,t000_DNRR2023,DNRR2023.dbc,CODESTAB,C,7,0,String,172,9
SINASC,t000_DNRR2023,DNRR2023.dbc,CODMUNNASC,C,7,0,String,0,4
SINASC,t000_DNRR2023,DNRR2023.dbc,LOCNASC,C,1,0,String,0,4
SINASC,t000_DNRR2023,DNRR2023.dbc,IDADEMAE,C,2,0,String,0,31
SINASC,t000_DNRR2023,DNRR2023.dbc,ESTCIVMAE,C,1,0,String,0,5
SINASC,t000_DNRR2023,DNRR2023.dbc,ESCMAE,C,1,0,String,0,6
SINASC,t000_DNRR2023,DNRR2023.dbc,CODOCUPMAE,C,6,0,String,1,9
SINASC,t000_DNRR2023,DNRR2023.dbc,QTDFILVIVO,C,2,0,String,0,10
SINASC,t000_DNRR2023,DNRR2023.dbc,QTDFILMORT,C,2,0,String,6,5
SINASC,t000_DNRR2023,DNRR2023.dbc,CODMUNRES,C,7,0,String,0,5
SINASC,t000_DNRR2023,DNRR2023.dbc,GESTACAO,C,1,0,String,0,3
SINASC,t000_DNRR2023,DNRR2023.dbc,GRAVIDEZ,C,1,0,String,0,2
SINASC,t000_DNRR2023,DNRR2023.dbc,PARTO,C,1,0,String,0,2
SINASC,t000_DNRR2023,DNRR2023.dbc,CONSULTAS,C,1,0,String,0,4
SINASC,t000_DNRR2023,DNRR2023.dbc,DTNASC,C,8,0,String,0,115
SINASC,t000_DNRR2023,DNRR2023.dbc,HORANASC,C,5,0,String,0,118
SINASC,t000_DNRR2023,DNRR2023.dbc,SEXO,C,1,0,String,0,2
SINASC,t000_DNRR2023,DNRR2023.dbc,APGAR1,C,2,0,String,173,4
SINASC,t000_DNRR2023,DNRR2023.dbc,APGAR5,C,2,0,String,173,4
SINASC,t000_DNRR2023,DNRR2023.dbc,RACACOR,C,1,0,String,0,4
SINASC,t000_DNRR2023,DNRR2023.dbc,PESO,C,4,0,String,0,58
SINASC,t000_DNRR2023,DNRR2023.dbc,IDANOMAL,C,1,0,String,0,1
SINASC,t000_DNRR2023,DNRR2023.dbc,DTCADASTRO,C,8,0,String,0,54
SINASC,t000_DNRR2023,DNRR2023.dbc,CODANOMAL,C,20,0,String,200,1
SINASC,t000_DNRR2023,DNRR2023.dbc,NUMEROLOTE,C,8,0,String,168,20
SINASC,t000_DNRR2023,DNRR2023.dbc,VERSAOSIST,C,7,0,String,168,2
SINASC,t000_DNRR2023,DNRR2023.dbc,DTRECEBIM,C,8,0,String,168,22
SINASC,t000_DNRR2023,DNRR2023.dbc,DIFDATA,C,8,0,String,0,131
SINASC,t000_DNRR2023,DNRR2023.dbc,DTRECORIGA,C,8,0,String,200,1
SINASC,t000_DNRR2023,DNRR2023.dbc,NATURALMAE,C,3,0,String,6,4
SINASC,t000_DNRR2023,DNRR2023.dbc,CODMUNNATU,C,7,0,String,6,10
SINASC,t000_DNRR2023,DNRR2023.dbc,CODUFNATU,C,2,0,String,6,4
SINASC,t000_DNRR2023,DNRR2023.dbc,ESCMAE2010,C,1,0,String,0,6
SINASC,t000_DNRR2023,DNRR2023.dbc,SERIESCMAE,C,1,0,String,174,8
SINASC,t000_DNRR2023,DNRR2023.dbc,DTNASCMAE,C,8,0,String,0,180
SINASC,t000_DNRR2023,DNRR2023.dbc,RACACORMAE,C,1,0,String,0,4
SINASC,t000_DNRR2023,DNRR2023.dbc,QTDGESTANT,C,2,0,String,0,10
SINASC,t000_DNRR2023,DNRR2023.dbc,QTDPARTNOR,C,2,0,String,0,10
SINASC,t000_DNRR2023,DNRR2023.dbc,QTDPARTCES,C,2,0,String,0,4
SINASC,t000_DNRR2023,DNRR2023.dbc,IDADEPAI,C,2,0,String,85,36
SINASC,t000_DNRR2023,DNRR2023.dbc,DTULTMENST,C,8,0,String,7,112
SINASC,t000_DNRR2023,DNRR2023.dbc,SEMAGESTAC,C,2,0,String,0,8
SINASC,t000_DNRR2023,DNRR2023.dbc,TPMETESTIM,C,2,0,String,0,3
SINASC,t000_DNRR2023,DNRR2023.dbc,CONSPRENAT,C,2,0,String,62,15
SINASC,t000_DNRR2023,DNRR2023.dbc,MESPRENAT,C,2,0,String,25,11
SINASC,t000_DNRR2023,DNRR2023.dbc,TPAPRESENT,C,2,0,String,0,1
SINASC,t000_DNRR2023,DNRR2023.dbc,STTRABPART,C,1,0,String,0,3
SINASC,t000_DNRR2023,DNRR2023.dbc,STCESPARTO,C,1,0,String,0,4
SINASC,t000_DNRR2023,DNRR2023.dbc,TPNASCASSI,C,2,0,String,0,5
SINASC,t000_DNRR2023,DNRR2023.dbc,TPFUNCRESP,C,1,0,String,2,4
SINASC,t000_DNRR2023,DNRR2023.dbc,TPDOCRESP,C,1,0,String,0,5
SINASC,t000_DNRR2023,DNRR2023.dbc,DTDECLARAC,C,8,0,String,3,62
SINASC,t000_DNRR2023,DNRR2023.dbc,ESCMAEAGR1,C,2,0,String,0,9
SINASC,t000_DNRR2023,DNRR2023.dbc,STDNEPIDEM,C,1,0,String,0,2
SINASC,t000_DNRR2023,DNRR2023.dbc,STDNNOVA,C,1,0,String,0,1
SINASC,t000_DNRR2023,DNRR2023.dbc,CODPAISRES,C,3,0,String,2,2
SINASC,t000_DNRR2023,DNRR2023.dbc,TPROBSON,C,2,0,String,0,6
SINASC,t000_DNRR2023,DNRR2023.dbc,PARIDADE,C,10,0,String,0,2
SINASC,t000_DNRR2023,DNRR2023.dbc,KOTELCHUCK,C,1,0,String,0,6
SINASC,t000_DNRR2023,DNRR2023.dbc,CONTADOR,C,8,0,String,0,200
SISCOLO,t000_CCRR1301,CCRR1301.dbc,CO_US,C,7,0,String,0,60
SISCOLO,t000_CCRR1301,CCRR1301.dbc,CO_US_UF,C,2,0,String,0,1
SISCOLO,t000_CCRR1301,CCRR1301.dbc,CO_US_IBGE,C,7,0,String,0,13
SISCOLO,t000_CCRR1301,CCRR1301.dbc,REGUS,C,1,0,String,0,1
SISCOLO,t000_CCRR1301,CCRR1301.dbc,CO_PAC_IBG,C,7,0,String,0,14
SISCOLO,t000_CCRR1301,CCRR1301.dbc,CO_PAC_UF,C,2,0,String,0,1
SISCOLO,t000_CCRR1301,CCRR1301.dbc,CO_PAC_ESC,C,1,0,String,0,4
SISCOLO,t000_CCRR1301,CCRR1301.dbc,CO_RES_NOR,C,1,0,String,0,1
SISCOLO,t000_CCRR1301,CCRR1301.dbc,CO_PAC_IDA,C,3,0,String,0,55
SISCOLO,t000_CCRR1301,CCRR1301.dbc,REGRESID,C,1,0,String,0,1
SISCOLO,t000_CCRR1301,CCRR1301.dbc,CO_CNES,C,7,0,String,0,2
SISCOLO,t000_CCRR1301,CCRR1301.dbc,CLABIBGE,C,7,0,String,0,1
SISCOLO,t000_CCRR1301,CCRR1301.dbc,CLABUF,C,2,0,String,0,1
SISCOLO,t000_CCRR1301,CCRR1301.dbc,REGLAB,C,1,0,String,0,1
SISCOLO,t000_CCRR1301,CCRR1301.dbc,DT_ID_COMP,C,6,0,String,0,1
SISCOLO,t000_CCRR1301,CCRR1301.dbc,ANO_COMP,C,4,0,String,0,1
SISCOLO,t000_CCRR1301,CCRR1301.dbc,CO_FX_ETAR,C,2,0,String,0,12
SISCOLO,t000_CCRR1301,CCRR1301.dbc,CO_PAC_RAC,C,2,0,String,0,1
SISCOLO,t000_CCRR1301,CCRR1301.dbc,CO_ATI_ESC,C,1,0,String,0,3
SISCOLO,t000_CCRR1301,CCRR1301.dbc,CO_ATI_GLA,C,1,0,String,0,2
SISCOLO,t000_CCRR1301,CCRR1301.dbc,CO_ATI_IND,C,1,0,String,0,1
SISCOLO,t000_CCRR1301,CCRR1301.dbc,CO_CEL_ESC,C,1,0,String,0,2
SISCOLO,t000_CCRR1301,CCRR1301.dbc,CO_CEL_GLA,C,1,0,String,0,1
SISCOLO,t000_CCRR1301,CCRR1301.dbc,CO_NEO_MAL,C,1,0,String,0,1
SISCOLO,t000_CCRR1301,CCRR1301.dbc,CO_AMOSTRA,C,1,0,String,0,1
SISCOLO,t000_CCRR1301,CCRR1301.dbc,CO_ADEQ_MA,C,1,0,String,0,2
SISCOLO,t000_CCRR1301,CCRR1301.dbc,CO_BEN_INF,C,1,0,String,0,2
SISCOLO,t000_CCRR1301,CCRR1301.dbc,CO_BEN_MET,C,1,0,String,0,2
SISCOLO,t000_CCRR1301,CCRR1301.dbc,CO_BEN_REP,C,1,0,String,0,1
SISCOLO,t000_CCRR1301,CCRR1301.dbc,CO_BEN_ATR,C,1,0,String,0,2
SISCOLO,t000_CCRR1301,CCRR1301.dbc,CO_BEN_RAD,C,1,0,String,0,2
SISCOLO,t000_CCRR1301,CCRR1301.dbc,CO_BEN_OUT,C,1,0,String,0,2
SISCOLO,t000_CCRR1301,CCRR1301.dbc,CO_MIC_LAC,C,1,0,String,0,2
SISCOLO,t000_CCRR1301,CCRR1301.dbc,CO_MIC_COC,C,1,0,String,0,2
SISCOLO,t000_CCRR1301,CCRR1301.dbc,CO_MIC_CHL,C,1,0,String,0,1
SISCOLO,t000_CCRR1301,CCRR1301.dbc,CO_MIC_ACT,C,1,0,String,0,1
SISCOLO,t000_CCRR1301,CCRR1301.dbc,CO_MIC_BAC,C,1,0,String,0,2
SISCOLO,t000_CCRR1301,CCRR1301.dbc,CO_MIC_TRI,C,1,0,String,0,2
SISCOLO,t000_CCRR1301,CCRR1301.dbc,CO_MIC_HER,C,1,0,String,0,1
SISCOLO,t000_CCRR1301,CCRR1301.dbc,CO_MIC_CAN,C,1,0,String,0,2
SISCOLO,t000_CCRR1301,CCRR1301.dbc,CO_MIC_GAR,C,1,0,String,0,2
SISCOLO,t000_CCRR1301,CCRR1301.dbc,CO_MIC_OUT,C,1,0,String,0,2
SISCOLO,t000_CCRR1301,CCRR1301.dbc,CO_ANM_PRE,C,1,0,String,0,4
SISCOLO,t000_CCRR1301,CCRR1301.dbc,DT_ANM_PRE,C,4,0,String,42,10
SISCOLO,t000_CCRR1301,CCRR1301.dbc,ST_MON_EXT,C,1,0,String,0,3
SISCOLO,t000_CCRR1301,CCRR1301.dbc,TEMPCITANT,C,8,0,String,42,7
SISCOLO,t000_CCRR1301,CCRR1301.dbc,DINTCOLETA,C,1,0,String,0,4
SISCOLO,t000_CCRR1301,CCRR1301.dbc,DINTRESULT,C,1,0,String,0,4
SISCOLO,t000_CCRR1301,CCRR1301.dbc,DINTTEMPEX,C,1,0,String,0,3
SISCOLO,t000_CCRR1301,CCRR1301.dbc,QTDEXA,C,8,0,String,0,3
SISCOLO,t000_CCRR1301,CCRR1301.dbc,QUANTEXAME,C,8,0,String,0,3
SISCOLO,t000_CCRR1301,CCRR1301.dbc,REPREZT,C,8,0,String,0,3
SISCOLO,t000_CCRR1301,CCRR1301.dbc,RESNORM,C,8,0,String,0,1
SISCOLO,t000_CCRR1301,CCRR1301.dbc,POSNAONEO,C,8,0,String,0,2
SISCOLO,t000_CCRR1301,CCRR1301.dbc,LESALTGRA,C,8,0,String,0,2
SISCOLO,t000_CCRR1301,CCRR1301.dbc,PSNAONPLA,C,8,0,String,0,2
SISCOLO,t000_CCRR1301,CCRR1301.dbc,NLSALTGRA,C,8,0,String,0,1
SISCOLO,t000_CCRR1301,CCRR1301.dbc,PSNNPLA,C,8,0,String,0,1
SISCOLO,t000_CCRR1301,CCRR1301.dbc,NALTGRA,C,8,0,String,0,1
SISCOLO,t000_CCRR1301,CCRR1301.dbc,LBGRAU,C,8,0,String,0,2
SISCOLO,t000_CCRR1301,CCRR1301.dbc,LAGRAU,C,8,0,String,0,1
SISCOLO,t000_CCRR1301,CCRR1301.dbc,LAGRAUMI,C,8,0,String,0,1
SISCOLO,t000_CCRR1301,CCRR1301.dbc,CARCINO,C,8,0,String,0,1
SISCOLO,t000_CCRR1301,CCRR1301.dbc,C_EPI_ESCA,C,8,0,String,0,4
SISCOLO,t000_CCRR1301,CCRR1301.dbc,C_EPI_GLAN,C,8,0,String,0,3
SISCOLO,t000_CCRR1301,CCRR1301.dbc,CO_EPI_MET,C,8,0,String,0,2
SISCOLO,t000_CCRR1301,CCRR1301.dbc,ADENCARCIN,C,8,0,String,0,1
SISCOLO,t000_CCRR1301,CCRR1301.dbc,DENCARCINV,C,8,0,String,0,1
SISCOLO,t000_CCRR1301,CCRR1301.dbc,OUTNEO,C,8,0,String,0,1
SISCOLO,t000_CCRR1301,CCRR1301.dbc,ALTERADO,C,8,0,String,0,2
SISCOLO,t000_CCRR1301,CCRR1301.dbc,CVCIONAL,C,8,0,String,0,1
SISCOLO,t000_CCRR1301,CCRR1301.dbc,MEIOLIQU,C,8,0,String,0,1
SISCOLO,t000_CCRR1301,CCRR1301.dbc,AMOSREJAUS,C,8,0,String,0,1
SISCOLO,t000_CCRR1301,CCRR1301.dbc,AMOSREJDAN,C,8,0,String,0,1
SISCOLO,t000_CCRR1301,CCRR1301.dbc,AMOSREJALH,C,8,0,String,0,1
SISCOLO,t000_CCRR1301,CCRR1301.dbc,AMOSREJOUT,C,8,0,String,0,1
SISCOLO,t000_CCRR1301,CCRR1301.dbc,REJEITADA,C,8,0,String,0,1
SISCOLO,t000_CCRR1301,CCRR1301.dbc,SATISFACT,C,8,0,String,0,4
SISCOLO,t000_CCRR1301,CCRR1301.dbc,INSATSFAC,C,8,0,String,0,2
SISCOLO,t000_CCRR1301,CCRR1301.dbc,CO_INSA_AC,C,8,0,String,0,2
SISCOLO,t000_CCRR1301,CCRR1301.dbc,CO_INSA_SA,C,8,0,String,0,1
SISCOLO,t000_CCRR1301,CCRR1301.dbc,CO_INSA_PI,C,8,0,String,0,1
SISCOLO,t000_CCRR1301,CCRR1301.dbc,CO_INSA_AR,C,8,0,String,0,2
SISCOLO,t000_CCRR1301,CCRR1301.dbc,CO_INSA_CO,C,8,0,String,0,1
SISCOLO,t000_CCRR1301,CCRR1301.dbc,CO_INSA_SU,C,8,0,String,0,1
SISCOLO,t000_CCRR1301,CCRR1301.dbc,CO_INSA_OU,C,8,0,String,0,1
SISCOLO,t000_CCRR1301,CCRR1301.dbc,CBEMINFLA,C,8,0,String,0,4
SISCOLO,t000_CCRR1301,CCRR1301.dbc,CBEMMETAS,C,8,0,String,0,2
SISCOLO,t000_CCRR1301,CCRR1301.dbc,CBEMREPAR,C,8,0,String,0,1
SISCOLO,t000_CCRR1301,CCRR1301.dbc,CBEMATROF,C,8,0,String,0,2
SISCOLO,t000_CCRR1301,CCRR1301.dbc,CBEMRADI,C,8,0,String,0,2
SISCOLO,t000_CCRR1301,CCRR1301.dbc,CBEMOUT,C,8,0,String,0,2
SISCOLO,t000_CCRR1301,CCRR1301.dbc,CMICLACT,C,8,0,String,0,3
SISCOLO,t000_CCRR1301,CCRR1301.dbc,CMICCOCO,C,8,0,String,0,2
SISCOLO,t000_CCRR1301,CCRR1301.dbc,CMICCHLA,C,8,0,String,0,1
SISCOLO,t000_CCRR1301,CCRR1301.dbc,CMICACTI,C,8,0,String,0,1
SISCOLO,t000_CCRR1301,CCRR1301.dbc,CMICBACI,C,8,0,String,0,3
SISCOLO,t000_CCRR1301,CCRR1301.dbc,CMICTRICO,C,8,0,String,0,2
SISCOLO,t000_CCRR1301,CCRR1301.dbc,CMICHERP,C,8,0,String,0,1
SISCOLO,t000_CCRR1301,CCRR1301.dbc,CMICCAND,C,8,0,String,0,2
SISCOLO,t000_CCRR1301,CCRR1301.dbc,CMICGARD,C,8,0,String,0,3
SISCOLO,t000_CCRR1301,CCRR1301.dbc,CMICOUT,C,8,0,String,0,2
SISMAMA,t000_CMSP1409,CMSP1409.dbc,CO_PAC_UF,C,2,0,String,0,1
SISMAMA,t000_CMSP1409,CMSP1409.dbc,CO_US_UF,C,2,0,String,0,1
SISMAMA,t000_CMSP1409,CMSP1409.dbc,CO_PAC_IBG,C,7,0,String,0,52
SISMAMA,t000_CMSP1409,CMSP1409.dbc,CO_US_IBGE,C,7,0,String,0,32
SISMAMA,t000_CMSP1409,CMSP1409.dbc,CO_US,C,7,0,String,0,60
SISMAMA,t000_CMSP1409,CMSP1409.dbc,CO_CNES,C,7,0,String,0,23
SISMAMA,t000_CMSP1409,CMSP1409.dbc,PRESTUF,C,2,0,String,0,1
SISMAMA,t000_CMSP1409,CMSP1409.dbc,REGUS,C,1,0,String,0,1
SISMAMA,t000_CMSP1409,CMSP1409.dbc,REGRESID,C,1,0,String,0,1
SISMAMA,t000_CMSP1409,CMSP1409.dbc,REGLAB,C,1,0,String,0,1
SISMAMA,t000_CMSP1409,CMSP1409.dbc,ANO_COMP,C,4,0,String,0,2
SISMAMA,t000_CMSP1409,CMSP1409.dbc,PRESTMUN,C,7,0,String,0,18
SISMAMA,t000_CMSP1409,CMSP1409.dbc,DT_ID_COMP,C,6,0,String,0,1
SISMAMA,t000_CMSP1409,CMSP1409.dbc,CO_FX_ETAR,C,2,0,String,0,13
SISMAMA,t000_CMSP1409,CMSP1409.dbc,CO_PAC_ESC,C,1,0,String,0,6
SISMAMA,t000_CMSP1409,CMSP1409.dbc,CO_PAC_SEX,C,1,0,String,0,2
SISMAMA,t000_CMSP1409,CMSP1409.dbc,CO_PAC_RAC,C,2,0,String,0,5
SISMAMA,t000_CMSP1409,CMSP1409.dbc,CANMPACANC,C,1,0,String,0,4
SISMAMA,t000_CMSP1409,CMSP1409.dbc,CO_CLI_DES,C,1,0,String,0,4
SISMAMA,t000_CMSP1409,CMSP1409.dbc,CO_CLI_NOD,C,1,0,String,0,5
SISMAMA,t000_CMSP1409,CMSP1409.dbc,CCLIMATMAM,C,1,0,String,0,3
SISMAMA,t000_CMSP1409,CMSP1409.dbc,CCLIMATDPC,C,1,0,String,0,4
SISMAMA,t000_CMSP1409,CMSP1409.dbc,DINTCOLETA,C,1,0,String,0,5
SISMAMA,t000_CMSP1409,CMSP1409.dbc,DINTRESULT,C,1,0,String,0,5
SISMAMA,t000_CMSP1409,CMSP1409.dbc,DINTTEMPEX,C,1,0,String,0,4
SISMAMA,t000_CMSP1409,CMSP1409.dbc,CO_RES_ADE,C,1,0,String,0,3
SISMAMA,t000_CMSP1409,CMSP1409.dbc,PRESULPAAF,C,1,0,String,0,6
SISMAMA,t000_CMSP1409,CMSP1409.dbc,CRESBENIG,C,1,0,String,0,7
SISMAMA,t000_CMSP1409,CMSP1409.dbc,CRESMALIIN,C,1,0,String,0,3
SISMAMA,t000_CMSP1409,CMSP1409.dbc,CRESSUSMAL,C,1,0,String,0,4
SISMAMA,t000_CMSP1409,CMSP1409.dbc,CRESPOSMAL,C,1,0,String,0,4
SISMAMA,t000_CMSP1409,CMSP1409.dbc,CRESDERPAP,C,1,0,String,0,5
SISMAMA,t000_CMSP1409,CMSP1409.dbc,QUANTEXAME,C,8,0,String,0,5
SISMAMA,t000_CMSP1409,CMSP1409.dbc,PBENMASTIT,C,8,0,String,0,1
SISMAMA,t000_CMSP1409,CMSP1409.dbc,PBENABSUBA,C,8,0,String,0,2
SISMAMA,t000_CMSP1409,CMSP1409.dbc,PBENFIBROA,C,8,0,String,0,2
SISMAMA,t000_CMSP1409,CMSP1409.dbc,PBENNECGOR,C,8,0,String,0,1
SISMAMA,t000_CMSP1409,CMSP1409.dbc,PBENCONDFI,C,8,0,String,0,3
SISMAMA,t000_CMSP1409,CMSP1409.dbc,PBENLESEPI,C,8,0,String,0,3
SISMAMA,t000_CMSP1409,CMSP1409.dbc,PBENOUTRAS,C,8,0,String,0,5
SISMAMA,t000_CMSP1409,CMSP1409.dbc,PMALINTUMP,C,8,0,String,0,1
SISMAMA,t000_CMSP1409,CMSP1409.dbc,PMALINTUMF,C,8,0,String,0,1
SISMAMA,t000_CMSP1409,CMSP1409.dbc,PMALINOUTR,C,8,0,String,0,2
SISMAMA,t000_CMSP1409,CMSP1409.dbc,PSUSLEJPCA,C,8,0,String,0,2
SISMAMA,t000_CMSP1409,CMSP1409.dbc,PSUSOUTROS,C,8,0,String,0,2
SISMAMA,t000_CMSP1409,CMSP1409.dbc,PPOSMACDUC,C,8,0,String,0,2
SISMAMA,t000_CMSP1409,CMSP1409.dbc,PPOSMACLOB,C,8,0,String,0,1
SISMAMA,t000_CMSP1409,CMSP1409.dbc,PPOSMACOUT,C,8,0,String,0,2
SISMAMA,t000_CMSP1409,CMSP1409.dbc,DEMATACELU,C,8,0,String,0,2
SISMAMA,t000_CMSP1409,CMSP1409.dbc,DENEGMALIG,C,8,0,String,0,5
SISMAMA,t000_CMSP1409,CMSP1409.dbc,DEMALIINDT,C,8,0,String,0,1
SISMAMA,t000_CMSP1409,CMSP1409.dbc,DEPOSMALIG,C,8,0,String,0,1
SISMAMA,t000_CMSP1409,CMSP1409.dbc,DELESMALIG,C,8,0,String,0,1
SISMAMA,t000_CMSP1409,CMSP1409.dbc,DEPROCINFL,C,8,0,String,0,2
SISPRENATAL,t000_PNRR1301,PNRR1301.dbc,NU_ANO_GES,C,4,0,String,0,2
SISPRENATAL,t000_PNRR1301,PNRR1301.dbc,DT_ATEND,C,6,0,String,0,1
SISPRENATAL,t000_PNRR1301,PNRR1301.dbc,CO_UF_IBGE,C,2,0,String,0,1
SISPRENATAL,t000_PNRR1301,PNRR1301.dbc,NU_GESTA,C,6,0,String,0,33
SISPRENATAL,t000_PNRR1301,PNRR1301.dbc,CO_GESTANT,C,12,0,String,0,1
SISPRENATAL,t000_PNRR1301,PNRR1301.dbc,CO_PAIS,C,3,0,String,0,1
SISPRENATAL,t000_PNRR1301,PNRR1301.dbc,NU_CNS,C,15,0,String,0,33
SISPRENATAL,t000_PNRR1301,PNRR1301.dbc,NU_IDADE,C,15,0,String,0,15
SISPRENATAL,t000_PNRR1301,PNRR1301.dbc,NU_NIS,C,15,0,String,31,3
SISPRENATAL,t000_PNRR1301,PNRR1301.dbc,NU_NIS_REP,C,15,0,String,33,1
SISPRENATAL,t000_PNRR1301,PNRR1301.dbc,DS_ZONA,C,50,0,String,8,3
SISPRENATAL,t000_PNRR1301,PNRR1301.dbc,QT_AB_ECT,C,3,0,String,0,2
SISPRENATAL,t000_PNRR1301,PNRR1301.dbc,QT_AB_GER,C,3,0,String,0,1
SISPRENATAL,t000_PNRR1301,PNRR1301.dbc,QT_AB_MOL,C,3,0,String,0,3
SISPRENATAL,t000_PNRR1301,PNRR1301.dbc,QT_MOR_APS,C,3,0,String,0,1
SISPRENATAL,t000_PNRR1301,PNRR1301.dbc,QT_MOR_PS,C,3,0,String,0,1
SISPRENATAL,t000_PNRR1301,PNRR1301.dbc,QT_NSC_MOR,C,3,0,String,0,1
SISPRENATAL,t000_PNRR1301,PNRR1301.dbc,QT_NSC_VIV,C,3,0,String,0,5
SISPRENATAL,t000_PNRR1301,PNRR1301.dbc,QT_PRT_CIR,C,3,0,String,0,2
SISPRENATAL,t000_PNRR1301,PNRR1301.dbc,QT_PRT_FOR,C,3,0,String,0,1
SISPRENATAL,t000_PNRR1301,PNRR1301.dbc,QT_PRT_VAG,C,3,0,String,0,5
SISPRENATAL,t000_PNRR1301,PNRR1301.dbc,ST_AUX_DSL,C,1,0,String,0,1
SISPRENATAL,t000_PNRR1301,PNRR1301.dbc,ST_GRA_ANT,C,1,0,String,0,2
SISPRENATAL,t000_PNRR1301,PNRR1301.dbc,ST_GRA_PLA,C,1,0,String,0,2
SISPRENATAL,t000_PNRR1301,PNRR1301.dbc,DT_DUM,C,8,0,String,1,30
SISPRENATAL,t000_PNRR1301,PNRR1301.dbc,DT_DPP,C,8,0,String,1,30
SISPRENATAL,t000_PNRR1301,PNRR1301.dbc,CO_TPO_GRA,C,10,0,String,0,2
SISPRENATAL,t000_PNRR1301,PNRR1301.dbc,CO_ESC_GP,C,2,0,String,0,6
SISPRENATAL,t000_PNRR1301,PNRR1301.dbc,CO_RAC_GP,C,2,0,String,0,3
SISPRENATAL,t000_PNRR1301,PNRR1301.dbc,CO_ETN_GP,C,4,0,String,27,3
SISPRENATAL,t000_PNRR1301,PNRR1301.dbc,CO_STF_GP,C,2,0,String,0,6
SISPRENATAL,t000_PNRR1301,PNRR1301.dbc,CO_MUN_UBS,C,6,0,String,0,5
SISPRENATAL,t000_PNRR1301,PNRR1301.dbc,QT_CONS,N,3,0,String,0,3
SISPRENATAL,t000_PNRR1301,PNRR1301.dbc,QT_CONSULT,C,3,0,String,0,3
SISPRENATAL,t000_PNRR1301,PNRR1301.dbc,ST_GESTAC,C,1,0,String,0,2
SISPRENATAL,t000_PNRR1301,PNRR1301.dbc,DT_INC,C,8,0,String,0,18
