categoria,formato,registros_declarados,registros_ativos,registros_excluidos,terminador_reparado,tabela,membro,amostra_parquet,linhas_amostra,n_colunas
IBGE,DBF,167,167,0,false,t000_POPTRN23,POPTRN23.dbf,/Users/raphael/PycharmProjects/omnisus-db/data/lake/panorama-datasus/20260910T162322/IBGE/POPTBR23.zip_amostras/t000_POPTRN23.parquet,167,3
IBGE,DBF,52,52,0,false,t001_POPTRO23,POPTRO23.dbf,/Users/raphael/PycharmProjects/omnisus-db/data/lake/panorama-datasus/20260910T162322/IBGE/POPTBR23.zip_amostras/t001_POPTRO23.parquet,52,3
IBGE,DBF,15,15,0,false,t002_POPTRR23,POPTRR23.dbf,/Users/raphael/PycharmProjects/omnisus-db/data/lake/panorama-datasus/20260910T162322/IBGE/POPTBR23.zip_amostras/t002_POPTRR23.parquet,15,3
IBGE,DBF,497,497,0,false,t003_POPTRS23,POPTRS23.dbf,/Users/raphael/PycharmProjects/omnisus-db/data/lake/panorama-datasus/20260910T162322/IBGE/POPTBR23.zip_amostras/t003_POPTRS23.parquet,200,3
IBGE,DBF,295,295,0,false,t004_POPTSC23,POPTSC23.dbf,/Users/raphael/PycharmProjects/omnisus-db/data/lake/panorama-datasus/20260910T162322/IBGE/POPTBR23.zip_amostras/t004_POPTSC23.parquet,200,3
IBGE,DBF,75,75,0,false,t005_POPTSE23,POPTSE23.dbf,/Users/raphael/PycharmProjects/omnisus-db/data/lake/panorama-datasus/20260910T162322/IBGE/POPTBR23.zip_amostras/t005_POPTSE23.parquet,75,3
IBGE,DBF,645,645,0,false,t006_POPTSP23,POPTSP23.dbf,/Users/raphael/PycharmProjects/omnisus-db/data/lake/panorama-datasus/20260910T162322/IBGE/POPTBR23.zip_amostras/t006_POPTSP23.parquet,200,3
IBGE,DBF,139,139,0,false,t007_POPTTO23,POPTTO23.dbf,/Users/raphael/PycharmProjects/omnisus-db/data/lake/panorama-datasus/20260910T162322/IBGE/POPTBR23.zip_amostras/t007_POPTTO23.parquet,139,3
IBGE,DBF,22,22,0,false,t008_POPTAC23,POPTAC23.dbf,/Users/raphael/PycharmProjects/omnisus-db/data/lake/panorama-datasus/20260910T162322/IBGE/POPTBR23.zip_amostras/t008_POPTAC23.parquet,22,3
IBGE,DBF,102,102,0,false,t009_POPTAL23,POPTAL23.dbf,/Users/raphael/PycharmProjects/omnisus-db/data/lake/panorama-datasus/20260910T162322/IBGE/POPTBR23.zip_amostras/t009_POPTAL23.parquet,102,3
IBGE,DBF,62,62,0,false,t010_POPTAM23,POPTAM23.dbf,/Users/raphael/PycharmProjects/omnisus-db/data/lake/panorama-datasus/20260910T162322/IBGE/POPTBR23.zip_amostras/t010_POPTAM23.parquet,62,3
IBGE,DBF,16,16,0,false,t011_POPTAP23,POPTAP23.dbf,/Users/raphael/PycharmProjects/omnisus-db/data/lake/panorama-datasus/20260910T162322/IBGE/POPTBR23.zip_amostras/t011_POPTAP23.parquet,16,3
IBGE,DBF,417,417,0,false,t012_POPTBA23,POPTBA23.dbf,/Users/raphael/PycharmProjects/omnisus-db/data/lake/panorama-datasus/20260910T162322/IBGE/POPTBR23.zip_amostras/t012_POPTBA23.parquet,200,3
IBGE,DBF,5570,5570,0,false,t013_POPTBR23,POPTBR23.dbf,/Users/raphael/PycharmProjects/omnisus-db/data/lake/panorama-datasus/20260910T162322/IBGE/POPTBR23.zip_amostras/t013_POPTBR23.parquet,200,3
IBGE,DBF,184,184,0,false,t014_POPTCE23,POPTCE23.dbf,/Users/raphael/PycharmProjects/omnisus-db/data/lake/panorama-datasus/20260910T162322/IBGE/POPTBR23.zip_amostras/t014_POPTCE23.parquet,184,3
IBGE,DBF,1,1,0,false,t015_POPTDF23,POPTDF23.dbf,/Users/raphael/PycharmProjects/omnisus-db/data/lake/panorama-datasus/20260910T162322/IBGE/POPTBR23.zip_amostras/t015_POPTDF23.parquet,1,3
IBGE,DBF,78,78,0,false,t016_POPTES23,POPTES23.dbf,/Users/raphael/PycharmProjects/omnisus-db/data/lake/panorama-datasus/20260910T162322/IBGE/POPTBR23.zip_amostras/t016_POPTES23.parquet,78,3
IBGE,DBF,246,246,0,false,t017_POPTGO23,POPTGO23.dbf,/Users/raphael/PycharmProjects/omnisus-db/data/lake/panorama-datasus/20260910T162322/IBGE/POPTBR23.zip_amostras/t017_POPTGO23.parquet,200,3
IBGE,DBF,217,217,0,false,t018_POPTMA23,POPTMA23.dbf,/Users/raphael/PycharmProjects/omnisus-db/data/lake/panorama-datasus/20260910T162322/IBGE/POPTBR23.zip_amostras/t018_POPTMA23.parquet,200,3
IBGE,DBF,853,853,0,false,t019_POPTMG23,POPTMG23.dbf,/Users/raphael/PycharmProjects/omnisus-db/data/lake/panorama-datasus/20260910T162322/IBGE/POPTBR23.zip_amostras/t019_POPTMG23.parquet,200,3
IBGE,DBF,79,79,0,false,t020_POPTMS23,POPTMS23.dbf,/Users/raphael/PycharmProjects/omnisus-db/data/lake/panorama-datasus/20260910T162322/IBGE/POPTBR23.zip_amostras/t020_POPTMS23.parquet,79,3
IBGE,DBF,141,141,0,false,t021_POPTMT23,POPTMT23.dbf,/Users/raphael/PycharmProjects/omnisus-db/data/lake/panorama-datasus/20260910T162322/IBGE/POPTBR23.zip_amostras/t021_POPTMT23.parquet,141,3
IBGE,DBF,144,144,0,false,t022_POPTPA23,POPTPA23.dbf,/Users/raphael/PycharmProjects/omnisus-db/data/lake/panorama-datasus/20260910T162322/IBGE/POPTBR23.zip_amostras/t022_POPTPA23.parquet,144,3
IBGE,DBF,223,223,0,false,t023_POPTPB23,POPTPB23.dbf,/Users/raphael/PycharmProjects/omnisus-db/data/lake/panorama-datasus/20260910T162322/IBGE/POPTBR23.zip_amostras/t023_POPTPB23.parquet,200,3
IBGE,DBF,185,185,0,false,t024_POPTPE23,POPTPE23.dbf,/Users/raphael/PycharmProjects/omnisus-db/data/lake/panorama-datasus/20260910T162322/IBGE/POPTBR23.zip_amostras/t024_POPTPE23.parquet,185,3
IBGE,DBF,224,224,0,false,t025_POPTPI23,POPTPI23.dbf,/Users/raphael/PycharmProjects/omnisus-db/data/lake/panorama-datasus/20260910T162322/IBGE/POPTBR23.zip_amostras/t025_POPTPI23.parquet,200,3
IBGE,DBF,399,399,0,false,t026_POPTPR23,POPTPR23.dbf,/Users/raphael/PycharmProjects/omnisus-db/data/lake/panorama-datasus/20260910T162322/IBGE/POPTBR23.zip_amostras/t026_POPTPR23.parquet,200,3
IBGE,DBF,92,92,0,false,t027_POPTRJ23,POPTRJ23.dbf,/Users/raphael/PycharmProjects/omnisus-db/data/lake/panorama-datasus/20260910T162322/IBGE/POPTBR23.zip_amostras/t027_POPTRJ23.parquet,92,3
Base Territorial,DBF,148,148,0,true,t000_tb_terrcid,tb_terrcid.dbf,/Users/raphael/PycharmProjects/omnisus-db/data/lake/panorama-datasus/20260910T162322/Base_Territorial/04-base_territorial_abr26.zip_amostras/t000_tb_terrcid.parquet,148,5
Base Territorial,DBF,466,466,0,false,t001_tb_regsaud,tb_regsaud.dbf,/Users/raphael/PycharmProjects/omnisus-db/data/lake/panorama-datasus/20260910T162322/Base_Territorial/04-base_territorial_abr26.zip_amostras/t001_tb_regsaud.parquet,200,6
Base Territorial,DBF,114,114,0,false,t002_tb_regmetr,tb_regmetr.dbf,/Users/raphael/PycharmProjects/omnisus-db/data/lake/panorama-datasus/20260910T162322/Base_Territorial/04-base_territorial_abr26.zip_amostras/t002_tb_regmetr.parquet,114,7
Base Territorial,DBF,6,6,0,false,t003_tb_regiao,tb_regiao.dbf,/Users/raphael/PycharmProjects/omnisus-db/data/lake/panorama-datasus/20260910T162322/Base_Territorial/04-base_territorial_abr26.zip_amostras/t003_tb_regiao.parquet,6,6
Base Territorial,DBF,42,42,0,false,t004_tb_pndr,tb_pndr.dbf,/Users/raphael/PycharmProjects/omnisus-db/data/lake/panorama-datasus/20260910T162322/Base_Territorial/04-base_territorial_abr26.zip_amostras/t004_tb_pndr.parquet,42,5
Base Territorial,DBF,5725,5725,0,false,t005_tb_municip,tb_municip.dbf,/Users/raphael/PycharmProjects/omnisus-db/data/lake/panorama-datasus/20260910T162322/Base_Territorial/04-base_territorial_abr26.zip_amostras/t005_tb_municip.parquet,200,24
Base Territorial,DBF,53,53,0,false,t006_tb_mis,tb_mis.dbf,/Users/raphael/PycharmProjects/omnisus-db/data/lake/panorama-datasus/20260910T162322/Base_Territorial/04-base_territorial_abr26.zip_amostras/t006_tb_mis.parquet,53,4
Base Territorial,DBF,584,584,0,false,t007_tb_micibge,tb_micibge.dbf,/Users/raphael/PycharmProjects/omnisus-db/data/lake/panorama-datasus/20260910T162322/Base_Territorial/04-base_territorial_abr26.zip_amostras/t007_tb_micibge.parquet,200,6
Base Territorial,DBF,168,168,0,false,t008_tb_macsaud,tb_macsaud.dbf,/Users/raphael/PycharmProjects/omnisus-db/data/lake/panorama-datasus/20260910T162322/Base_Territorial/04-base_territorial_abr26.zip_amostras/t008_tb_macsaud.parquet,168,6
Base Territorial,DBF,34,34,0,false,t009_tb_dsei,tb_dsei.dbf,/Users/raphael/PycharmProjects/omnisus-db/data/lake/panorama-datasus/20260910T162322/Base_Territorial/04-base_territorial_abr26.zip_amostras/t009_tb_dsei.parquet,34,4
Base Territorial,DBF,261,261,0,false,t010_tb_divadmant,tb_divadmant.dbf,/Users/raphael/PycharmProjects/omnisus-db/data/lake/panorama-datasus/20260910T162322/Base_Territorial/04-base_territorial_abr26.zip_amostras/t010_tb_divadmant.parquet,200,6
Base Territorial,DBF,261,261,0,false,t011_tb_divadm,tb_divadm.dbf,/Users/raphael/PycharmProjects/omnisus-db/data/lake/panorama-datasus/20260910T162322/Base_Territorial/04-base_territorial_abr26.zip_amostras/t011_tb_divadm.parquet,200,6
Base Territorial,DBF,440,440,0,false,t012_rl_regsaud_macsaud,rl_regsaud_macsaud.dbf,/Users/raphael/PycharmProjects/omnisus-db/data/lake/panorama-datasus/20260910T162322/Base_Territorial/04-base_territorial_abr26.zip_amostras/t012_rl_regsaud_macsaud.parquet,200,2
Base Territorial,DBF,1851,1851,0,false,t013_rl_municip_terrcid,rl_municip_terrcid.dbf,/Users/raphael/PycharmProjects/omnisus-db/data/lake/panorama-datasus/20260910T162322/Base_Territorial/04-base_territorial_abr26.zip_amostras/t013_rl_municip_terrcid.parquet,200,2
Base Territorial,DBF,5572,5572,0,false,t014_rl_municip_regsaud,rl_municip_regsaud.dbf,/Users/raphael/PycharmProjects/omnisus-db/data/lake/panorama-datasus/20260910T162322/Base_Territorial/04-base_territorial_abr26.zip_amostras/t014_rl_municip_regsaud.parquet,200,2
Base Territorial,DBF,5596,5596,0,false,t015_rl_municip_regmetr,rl_municip_regmetr.dbf,/Users/raphael/PycharmProjects/omnisus-db/data/lake/panorama-datasus/20260910T162322/Base_Territorial/04-base_territorial_abr26.zip_amostras/t015_rl_municip_regmetr.parquet,200,2
Base Territorial,DBF,1164,1164,0,false,t016_rl_municip_pndr,rl_municip_pndr.dbf,/Users/raphael/PycharmProjects/omnisus-db/data/lake/panorama-datasus/20260910T162322/Base_Territorial/04-base_territorial_abr26.zip_amostras/t016_rl_municip_pndr.parquet,200,2
Base Territorial,DBF,5597,5597,0,false,t017_rl_municip_micibge,rl_municip_micibge.dbf,/Users/raphael/PycharmProjects/omnisus-db/data/lake/panorama-datasus/20260910T162322/Base_Territorial/04-base_territorial_abr26.zip_amostras/t017_rl_municip_micibge.parquet,200,2
Base Territorial,DBF,5597,5597,0,false,t018_rl_municip_macsaud,rl_municip_macsaud.dbf,/Users/raphael/PycharmProjects/omnisus-db/data/lake/panorama-datasus/20260910T162322/Base_Territorial/04-base_territorial_abr26.zip_amostras/t018_rl_municip_macsaud.parquet,200,2
Base Territorial,DBF,230,230,0,false,t019_rl_municip_dsei,rl_municip_dsei.dbf,/Users/raphael/PycharmProjects/omnisus-db/data/lake/panorama-datasus/20260910T162322/Base_Territorial/04-base_territorial_abr26.zip_amostras/t019_rl_municip_dsei.parquet,200,2
Base Territorial,DBF,5658,5658,0,false,t020_rl_municip_divadm,rl_municip_divadm.dbf,/Users/raphael/PycharmProjects/omnisus-db/data/lake/panorama-datasus/20260910T162322/Base_Territorial/04-base_territorial_abr26.zip_amostras/t020_rl_municip_divadm.parquet,200,2
Base Territorial,DBF,29,29,0,false,t021_tb_uf,tb_uf.dbf,/Users/raphael/PycharmProjects/omnisus-db/data/lake/panorama-datasus/20260910T162322/Base_Territorial/04-base_territorial_abr26.zip_amostras/t021_tb_uf.parquet,29,8
CIH,DBF,396,396,0,false,t000_CRCE1103,CRCE1103.dbc,/Users/raphael/PycharmProjects/omnisus-db/data/lake/panorama-datasus/20260910T162322/CIH/CRCE1103.dbc_amostras/t000_CRCE1103.parquet,200,27
CIHA,DBF,473,473,0,false,t000_CIHADF2211,CIHADF2211.dbc,/Users/raphael/PycharmProjects/omnisus-db/data/lake/panorama-datasus/20260910T162322/CIHA/CIHADF2211.dbc_amostras/t000_CIHADF2211.parquet,200,30
CNES,DBF,886,886,0,true,t000_STRR2301,STRR2301.dbc,/Users/raphael/PycharmProjects/omnisus-db/data/lake/panorama-datasus/20260910T162322/CNES/STRR2301.dbc_amostras/t000_STRR2301.parquet,200,208
ESUSNOTIFICA,DBF,5455,5455,0,false,t000_DCCRBR23,DCCRBR23.dbc,/Users/raphael/PycharmProjects/omnisus-db/data/lake/panorama-datasus/20260910T162322/ESUSNOTIFICA/DCCRBR23.dbc_amostras/t000_DCCRBR23.parquet,200,109
PCE,DBF,469,469,0,false,t000_PCEAL23,PCEAL23.dbc,/Users/raphael/PycharmProjects/omnisus-db/data/lake/panorama-datasus/20260910T162322/PCE/PCEAL23.dbc_amostras/t000_PCEAL23.parquet,200,35
PO,DBF,679408,679408,0,false,t000_POBR2023,POBR2023.dbc,/Users/raphael/PycharmProjects/omnisus-db/data/lake/panorama-datasus/20260910T162322/PO/POBR2023.dbc_amostras/t000_POBR2023.parquet,200,23
RESP,DBF,3,3,0,false,t000_RESPRR23,RESPRR23.dbc,/Users/raphael/PycharmProjects/omnisus-db/data/lake/panorama-datasus/20260910T162322/RESP/RESPRR23.dbc_amostras/t000_RESPRR23.parquet,3,78
SIASUS,DBF,32400,32400,0,false,t000_PARR2301,PARR2301.dbc,/Users/raphael/PycharmProjects/omnisus-db/data/lake/panorama-datasus/20260910T162322/SIASUS/PARR2301.dbc_amostras/t000_PARR2301.parquet,200,60
SIHSUS,DBF,4734,4734,0,false,t000_RDRR2301,RDRR2301.dbc,/Users/raphael/PycharmProjects/omnisus-db/data/lake/panorama-datasus/20260910T162322/SIHSUS/RDRR2301.dbc_amostras/t000_RDRR2301.parquet,200,113
SIM,DBF,3311,3311,0,false,t000_DORR2023,DORR2023.dbc,/Users/raphael/PycharmProjects/omnisus-db/data/lake/panorama-datasus/20260910T162322/SIM/DORR2023.dbc_amostras/t000_DORR2023.parquet,200,87
SINAN,DBF,6253,6253,0,false,t000_CHAGBR23,CHAGBR23.dbc,/Users/raphael/PycharmProjects/omnisus-db/data/lake/panorama-datasus/20260910T162322/SINAN/CHAGBR23.dbc_amostras/t000_CHAGBR23.parquet,200,108
SINASC,DBF,13105,13105,0,false,t000_DNRR2023,DNRR2023.dbc,/Users/raphael/PycharmProjects/omnisus-db/data/lake/panorama-datasus/20260910T162322/SINASC/DNRR2023.dbc_amostras/t000_DNRR2023.parquet,200,61
SISCOLO,DBF,1903,1903,0,false,t000_CCRR1301,CCRR1301.dbc,/Users/raphael/PycharmProjects/omnisus-db/data/lake/panorama-datasus/20260910T162322/SISCOLO/CCRR1301.dbc_amostras/t000_CCRR1301.parquet,200,102
SISMAMA,DBF,428,428,0,false,t000_CMSP1409,CMSP1409.dbc,/Users/raphael/PycharmProjects/omnisus-db/data/lake/panorama-datasus/20260910T162552-sismama/SISMAMA/CMSP1409.dbc_amostras/t000_CMSP1409.parquet,200,54
SISPRENATAL,DBF,33,33,0,false,t000_PNRR1301,PNRR1301.dbc,/Users/raphael/PycharmProjects/omnisus-db/data/lake/panorama-datasus/20260910T162322/SISPRENATAL/PNRR1301.dbc_amostras/t000_PNRR1301.parquet,33,36
